S.No.,Review,Rating
1,nice hotel expensive parking got good deal stay hotel anniversary 	arrived late evening took advice previous reviews did valet parking 	check quick easy 	little disappointed non-existent view room room clean nice size 	bed comfortable woke stiff neck high pillows 	not soundproof like heard music room night morning loud bangs doors opening closing hear people talking hallway 	maybe just noisy neighbors 	aveda bath products nice 	did not goldfish stay nice touch taken advantage staying longer 	location great walking distance shopping 	overall nice experience having pay 40 parking night,4
2,ok nothing special charge diamond member hilton decided chain shot 20th anniversary seattle 	start booked suite paid extra website description not 	suite bedroom bathroom standard hotel room 	took printed reservation desk showed said things like tv couch ect desk clerk told oh mixed suites description kimpton website sorry free breakfast 	got kidding 	embassy suits sitting room bathroom bedroom unlike kimpton calls suite 	5 day stay offer correct false advertising 	send kimpton preferred guest website email asking failure provide suite advertised website reservation description furnished hard copy reservation printout website desk manager duty did not reply solution 	send email trip guest survey did not follow email mail 	guess tell concerned guest.the staff ranged indifferent not helpful 	asked desk good breakfast spots neighborhood hood told no hotels 	gee best breakfast spots seattle 1/2 block away convenient hotel does not know exist 	arrived late night 11 pm inside run bellman busy chating cell phone help bags.prior arrival emailed hotel inform 20th anniversary half really picky wanted make sure good 	got nice email saying like deliver bottle champagne chocolate covered strawberries room arrival celebrate 	told needed foam pillows 	arrival no champagne strawberries no foam pillows great room view alley high rise building good not better housekeeping staff cleaner room property 	impressed left morning shopping room got short trips 2 hours 	beds comfortable.not good ac-heat control 4 x 4 inch screen bring green shine directly eyes night 	light sensitive tape controls.this not 4 start hotel clean business hotel super high rates 	better chain hotels seattle,2
3,nice rooms not 4* experience hotel monaco seattle good hotel n't 4* level.positives large bathroom mediterranean suite comfortable bed pillowsattentive housekeeping staffnegatives ac unit malfunctioned stay desk disorganized 	missed 3 separate wakeup calls 	concierge busy hard touch 	did n't provide guidance special requests.tv hard use ipod sound dock suite non functioning. decided book mediterranean suite 3 night weekend stay 1st choice rest party filled 	comparison w spent 45 night larger square footage room great soaking tub whirlpool jets nice shower.before stay hotel arrange car service price 53 tip reasonable driver waiting arrival.checkin easy downside room picked 2 person jacuzi tub no bath accessories salts bubble bath did n't stay 	night got 12/1a checked voucher bottle champagne nice gesture fish waiting room 	impression room huge open space felt room big 	tv far away bed chore change channel 	ipod dock broken disappointing.in morning way asked desk check thermostat said 65f 74 2 degrees warm try cover face night bright blue light kept 	got room night no 	1st drop desk 	called maintainence came look thermostat told play settings happy digital box wo n't work 	asked wakeup 10am morning did n't happen 	called later 6pm nap wakeup forgot 	10am wakeup morning yep forgotten.the bathroom facilities great room surprised room sold whirlpool bath tub n't bath amenities 	great relax water jets going,3
4,unique 	great stay 	wonderful time hotel monaco 	location excellent short stroll main downtown shopping area 	pet friendly room showed no signs animal hair smells 	monaco suite sleeping area big striped curtains pulled closed nice touch felt cosy 	goldfish named brandi enjoyed 	did n't partake free wine coffee/tea service lobby thought great feature 	great staff friendly 	free wireless internet hotel worked suite 2 laptops 	decor lovely eclectic mix pattens color palatte 	animal print bathrobes feel like rock stars 	nice did n't look like sterile chain hotel hotel personality excellent stay,5
5,great stay great stay 	went seahawk game awesome 	downfall view building did n't complain 	room huge staff helpful 	booked hotels website seahawk package 	no charge parking got voucher taxi 	problem taxi driver did n't want accept voucher barely spoke english 	funny thing speak arabic called started making comments girlfriend cell phone buddy 	took second realize just said fact speak language face priceless 	ass told 	said large city 	told head doorman issue called cab company promply answer did n't 	apologized offered pay taxi 	bucks 2 miles stadium 	game plan taxi return going humpin 	great walk did n't mind 	right christmas wonderful lights 	homeless stowed away building entrances leave 	police presence not greatest area stadium 	activities 7 blocks pike street waterfront great coffee shops way 	hotel mantained foyer awesome 	wine tasting available evening 	best dog 	taking st. bernard time family 	safes hotel located service desk room 	bathroom huge jetted tub huge 	funny house keeping walked girlfriend getting dressed 	did n't hear knock doing turn service 	screamed girlfriend screams hit floor laughing 	started talking spanish worked 	place recommend price 	check online deals just good not better 	besite contains deals vouchers travel websites n't tell,5
6,love monaco staff husband stayed hotel crazy weekend attending memorial service best friend husband celebrating 12th wedding anniversary 	talk mixed emotions 	booked suite hotel monte carlos 	loaned beautiful fan-tanned goldfish named joliet weekend visited dogs worked desk human companions 	room decorated nicely couch used pillows 	l'occitane bath amenities welcome sight 	room quiet peaceful 	wireless internet access wonderful server went morning leaving problems printing boarding passes 	afternoon reception serves oenophile-satisfying wine australia scrumptious cookies 	restaurant closed renovation stay finally ate food good drinks better 	word caution restaurant larger person not sit booths wo n't fit 	5'6 125 lbs husband 5'9 175. table smack-against stomach couple inches space mighty uncomfortable patron larger pregnant 	bad design opinion place decorated funky welcoming way metal wood handblown glass light fixtures expect seattle capital glass art industry 	definitely stay reason,5
7,cozy stay rainy city 	husband spent 7 nights monaco early january 2008. business trip chance come ride.we booked monte carlo suite proved comfortable longish stay 	room 905 located street building 	street noise not problem view interesting rooms building look dank alley midsection large office building 	suite comfortable plenty room spread 	bathroom attractive squeaky clean small comparison generous proportions sitting sleeping areas 	lots comfortable seating options good lighting plenty storage clothing luggage 	hotel staff friendly efficient 	housekeeping staff did great job pleasant 	requests responded quickly.the location quite good 	easy walk pike street market seattle art museum notch shopping dining options.a positive experience,5
8,excellent staff 	housekeeping quality hotel chocked staff make feel home 	experienced exceptional service desk staff concierge door men maid service needs work 	maid failed tuck sheets foot bed instance soiled sheets used 	staff quickley resolved soiled sheets issue 	guess relates employee not reflection rest staff.we received excellent advice concierge regarding resturants area happy hour wine tasting nice touch staff went way make feel home.great location like close good food shopping took play 5th street theather well.pikes market pioneer square access mono rail short walking distance,4
9,hotel stayed hotel monaco cruise 	rooms generous decorated uniquely 	hotel remodeled pacific bell building charm sturdiness 	everytime walked bell men felt like coming home 	secure 	great single travelers 	location fabulous 	walk things pike market space needle.little grocery/drug store block away 	today green 	bravo 	1 double bed room room bed couch separated curtain 	snoring mom slept curtain 	great food nearby,5
10,excellent stayed hotel monaco past w/e delight 	reception staff friendly professional room smart comfortable bed 	particularly liked reception small dog received staff guests spoke loved 	mild negative distance uphill ppmarket restaurants 1st 	overall great experience,5
11,poor value stayed monaco seattle july 	nice hotel priced 100- 150 night not 	hotel takes beating quotient 	experience simply average 	nothing exceptional paying 300+ n't ca n't terribly disappointed 	wife stayed nicest suites 200/night felt like overpaying 	best advice shop 	quality-wise league average marriott nice best western,2
12,nice value seattle stayed 4 nights late 2007. looked comparable hilton marriott westin area points/miles n't gave monaco shot 	pleasantly surprised nice room service quick tasty bed especially comfortable unlike people nothing positive things say service 	downside relatively small exercise room treadmill heck east coast time ran person 5 days 	definitely stay,4
13,nice hotel good location hotel kimpton design whimsical vibe fun 	staff young casual problem hotel busy stay friendly helpful 	group reserved rooms gave connecting rooms fuss 	not busy week.the rooms decent size not huge pretty average city hotel 	beds nice bathrooms clean bright pocket doors ideal busy bathroom 	room design bright cheery flat panel tv 	location little noisy fine 5th floor 	location convenient walkable attractions new central library sam art museum benaroya concert hall pike place market 	parking steep 29/night 	evening wine receptions popular,4
14,"nice hotel not nice staff hotel lovely staff quite rude 	bellhop desk clerk going way make things difficult 	waited forever check heavy bags no help getting throught double doors room 	worst desk clerk checking tap tap tap car waited pick 20 minutes 	got home noticed 1,000 dollar hold credit card took 5 phonecalls 2 faxes 1 week resolved 	stay warwck 4th lenora rooms ok..but al friendly faces tiring day airport",3
15,great hotel night quick business trip 	loved little touches like goldfish leopard print robe 	complaint wifi complimentary not internet access business center 	great location library service fabulous,4
16,horrible customer service hotel stay february 3rd 4th 2007my friend picked hotel monaco appealing website online package included champagne late checkout 3 free valet gift spa weekend 	friend checked room hours earlier came later 	pulled valet young man just stood 	asked valet open said 	pull bags didn__Ç_é_ offer help 	got garment bag suitcase came car key room number says not valet 	car park car street pull 	left key working asked valet park car gets 	went room fine bottle champagne oil lotion gift spa 	dressed went came got bed noticed blood drops pillows sheets pillows 	disgusted just unbelievable 	called desk sent somebody 20 minutes later 	swapped sheets left apologizing 	sunday morning called desk speak management sheets aggravated rude 	apparently no manager kind supervisor weekend wait monday morning 	young man spoke said cover food adding person changed sheets said fresh blood rude tone 	checkout 3pm package booked 	12 1:30 staff maids tried walk room opening door apologizing closing 	people called saying check 12 remind package 	finally packed things went downstairs check 	quickly signed paper took 	way took closer look room 	unfortunately covered food offered charged valet 	called desk ask charges lady answered snapped saying aware problem experienced monday like told earlier 	life treated like hotel 	not sure hotel constantly problems lucky ones stay recommend anybody know,1
17,disappointed say anticipating stay hotel monaco based reviews seen tripadvisor 	definitely disppointment 	decor room hotel envisioned nice 	housekeeping staff impressive extremely polite cheery helpful 	desk bellmen standard customer service 	lots little things easily overlooked broken make mirror sagging post bathroom jiggly entrance handle room did n't feel secure handle nearly falling door 	husband early morning flight mid-week asked cab called 	suggested cab ride cost double private car flat-rate n't case 	knew cost cab 30 car 38 bell staff insisted like 65 taxi ride 	cab driver later explained bell staff kick referrals 	preferred guests city and/or hotel hotel staff looking best interests 	new years planned dining restaurant hotel new year day 	came dressed dinner told desk closed holiday 	asked nearby response good luck finding today 	good luck 	thanks help 	feature needed hotel business centre work 	downstairs service completely semi-funcitional 	internet service out-sourced ended spending 50 money n't work no refund 2.5 hours vacation time trouble-shooting internet company toll free service line 	asked desk times assistance told 	worst experience time asked desk assistance got response included shrug say oh bad 	majority staff attitude just simply did not care needed help dared intrude time got snotty response 	occasions caught desk girls smirking thought turned n't 	talk frustrating 	honesty n't wait check 	nice decor liked goldfish housekeeping staff great end hotel want dash door n't way not concerned taking greet pretty ignored desk area unless approached 	time street westin 	saw nothing smiling faces coming going hotel,2
18,fantastic stay monaco seattle hotel monaco holds high standards kimpton hotel line 	having stayed kimpton hotels cities easily say seattle hotel monaco best seen 	service attentive prompt 	based member kimpton loyalty program upgraded 10th floor room great view 4th street excellent public library kitty-corner hotel 	highly recommend tour public library blown away 	room quite spacious beautiful flat-screen television dvd/cd player 	exercise room pretty standard kimpton size means adequate not outstanding eliptical cardio machines stationary bikes personal viewing screens 	cardio machine screens accept dvd not seen 	kimpton hotels hotel monaco line particular hotel lobby stylish quirky inviting 	easy imagine spending time relaxing comfortable over-stuffed chairs 	restaurant attached hotel sazerac good 	far eaten lunch look forward breakfast tomorrow 	kimpton properties able connect free highspeed internet ethernet seconds cruising web checking email office no problems 	opinion ca n't wrong kimpton hotel seattle hotel monaco certainly excellent choice,5
19,good choice hotel recommended sister 	great location room nice 	comfortable bed- quiet- staff helpful recommendations restaurants 	pike market 4 block walk 	stay,5
20,hmmmmm say really high hopes hotel monaco chose base girlfriend shopping trip seattle 	stay say given competition seattle just okay 	hotel lot nice features little things detract bedding super soft luxurious comforters pillows 	mattress rock hard standard hotel bed kept awake nights 	furnishings nice colors patterns fun chair rip wall paper peeling 	stayed room 815 noise like fog horn vibrated walls stay 	guess water pipes really annoying.on waking morning packages decaf instead regular coffee 	took 30 minutes send coffee showed just package 	coffee town usa little package 3 tiny dried creamers 	supposed coffee service lobby saw 	cleared really early 	gone 10am 	wine reception 5-6 boy better time walk 5:50 like did look manager like trying scope 2nd glass 	food plate goldfish crackers 	classy.friday night restaurant bar closed 4pm private party 	planned eat heard fun bar 	bummer add rest.all hotel posters say things like hotel comfort 	felt catered comfortable 	no staff asked doing said hello 	looking visit,3
21,service service service spent week g-friend labor day bumbershoot 	gray line airporter drops corner hotel 10 person cab 28 total make sure flat rate town car 38. location central downtown street w. it__Ç_é_ quick walk points tourist business 	yes space needle bit far monorail westlake center easy walk away 	tourist underground tour public market space needle emp 	leave bit room luggage shopping great 	neighborhood safe clean 	room mediterranean suite quite large equipped two-person jacuzzi tub small stand glass-enclosed shower 	room no view did not care 	room clean small throw blanket adorned foot bed took 	tastefully decorated walls striped 	trust wont feel like stale hotel 	ask gold fish bring well-behaved dog company.service aspects excellent 	desk house keeping concierge room service bell desk ready provide warm professional service 	test don__Ç_é_ flinch.gym open 24 hours newer cardio machines dumbbells 	highest weight 25. water towels tv 	gold__Ç_é_ walking distance.gastronomy sazerac worth try not impressive it__Ç_é_ amusing.this visit seattle monaco 	like beds westin better prefer monaco afford w. g-friends visit wants bumbershoot year stay hotel monaco,5
22,excellent stay 	delightful surprise stay monaco 	thoroughly enjoyed stay 	room comfortable lovely amenities friendly staff 	especially enjoyed hour indulgence 	definitely come,5
23,good value downtown hotel monaco seattle great option pricey area town 	rooms w street going close 400 night 	hotel monaco unique interesting cozy 	bed/linens quality aveda products bathroom nice touch.you close downtown quick cab ride away nightlife restaurants loved lola 	experience quirky luxurious fun.i definitely stay,4
24,hotel monaco great location service hotel monaco centrally located provides excellent service 	recently stayed 4/23-5/1 	originally checked slight problem informed booked queen beds expedia room king bed 	fortunately fellow guest checking time swapped rooms 	future reference booking expedia recommend double checking hotel ensure receive correct room 	staff stated better book hotel directly match online rates 	additionally concierge marco helpful 	sat night called salty make reservations brunch day informed no seats available 	following day concierge called restaurant hours wanted dine able book table 5 great window view 	hotel blocks away pike place market seattle art museum shopping district walking distance space needle experience music project attractions 	ammenities services provided hotel include pet goldfish wine tasting yoga mat use room 	seattle recommend taking helicopter tour mt 	st. helens hoffstadt visitor center,5
25,great location need internally upgrade advantage north end downtown seattle great restaurants nearby good prices 	rooms need updated literally thought sleeping 1970 bed old pillows sheets 	net result bad nights sleep 	stay location 	staff friendly,2
26,n't mind noise place great 	read reviews noise used hotel website book room 	interesting site gives checkbox options 1 room farthest elevator 2 room higher floor 3 quiet room 	getting quietest room possible checked hoping 	got 6th floor 18-19 floors hall elevator listened trucks ambulance sirens night 	sheeeesh 	aside heating units sound like small plane engines hear surrounding rooms.if noise sleeps facilities clean conveniently located reasonably priced staff quite helpful,3
27,loved 	stayed warwick overnight getway enjoy christmas shopping 	warwick exceeded expectations 	staff wonderful extrememly friendly room clean service lounge wonderful 	came contact hotel friendly 	women bathroom lever lounge well.. think haunted totally creepy vibe lights anywho 	really enjoyed stay going couple days,4
28,met expectations centrally located hotel blocks water popular nightlife shopping options belltown downtown 	classify property star location 	paid wedding rate not sure fares value proposition 	room spacious little outdated 	rooms decent views lower floor drab panaroma parking lot buildings 	adequate fitness center sauna pool basement quaint bar/restaurant attached hotel 	parking 30 day outrage possibly standard downtown street parking weekend save dollars 	willing stay future price significantly lower nearby four-star competition,3
29,nice hotel husband stayed warwick 4 years ago liked hotel location did not hesitate book trip.we asked received non-smoking room king bed high floor 	hoping hotel nice view space needle 	check-in nice friendly 	keys minutes nice room small loveseat juliet balcony.love location hotel just block away best restaurants downtown dahlia lounge palace kitchen lola small grocery store/mini-mart right street wine 	easy walk pike place market.on site hotel nice restaurant lounge area 	ate breakfast hotel drinks lounge/bar times 	good service.we did n't chance use did look pool exercise room located basement 	pool small definitely useable 	exercise room variety machines weights not newest market definitely decent machines 	kept neat clean exercise room plenty towels water cooler available.i think ran maid days leaving friendly.we used business center couple times consisted 2 computers free internet printer 	just needed ask key desk 	nice handy.overall thought staff helpful hotel quiet good location definitely met expectations did stayed years ago 	definitely return hope soon,4
30,good hotel not large hotel newly decorated 	rooms good size clean 	excellent location 2 blocks centre town 4 blocks market area.hotel resturant bustling place alot diners coming street 	good meal there.overall highly recommend staying,4
31,good choice seattle stayed night business booked company 	overall satisfactory arrived late evening room 17th floor clean comfortable great view 	bathroom little small clean equipped 	good night sleep enjoyed excellent breakfast restaurant checking 	staff encountered friendly polite,4
32,great location expensive parking warwick heart seattle easy walking distance pikes place monorail terminal downtown shops 	stayed twice recently start finish tour pacific north west 	staff helpful knowledgable rooms large comfy armchair large bedded room 	rooms fridge coffee maker.parking site expensive guess reflects city centre parking prices 	free zone travel seattle buses cheap free travel central seattle handy grocery store opposite,4
33,noise airconditioner-a standard 	arranged stay travel agency unfortunately warwick seattle hotel dissapointment trip 	3 night stay warwick changed 3 rooms 	starting minute stay hotel personnel didn`t make feel like guest like intruder 	reluctant help solve complaints 	hotel right downtown 5 minutes really good restaurants like good thing 	availability room offered 2nd floor window directly opening car parking level 	changed room 	3 rooms loud sound coming air conditioner/ heating unbelievable hotel 	hotel personnel told standard noise rooms 	tried avoid using night order sleep possible watching tv loudly,1
34,good location poor cleanliness warwick hotel great location seattle 	close shopping pike place seattle centre 	really lets hotel cleanliness 	bed linen torn curtains torn floor stains 	hotel advertises having balcony reality disappointment 	stayed hotel san diego did balcony table chairs 	warwick balcony 10 inches.the view rooms view space needle terrific does n't make poor cleanliness 	check staff pleasant nor unpleasant decided not sample restaurant 	ralph deli street great snacks cafe.there plenty better hotels seattle slightly money warwick choose e.g hotel andra,2
35,good place spending big bucks warwick plenty comfortable nice 	nice view space needle room 	n't expect balcony 	just 18 inch ledge ironwork falling overboard 	open patio door partially step view lake union elliott bay 	morning space needle hidden clouds 	neat sunny weather cloudy 	needed warwick 	no complaints,4
36,nice hotel trip seattle wanted stay downtown 	good rate hotel decided stay warwick 	clean stayed 17th floor excellent view space needle downtown 	nice able open sliding door let cool air 	bed comfy pillows not 	room clean parking not problem use hotel parking 	staff friendly helpful 	ask key business center 2 computers 	needless say hassle use computers acquire key 	restaurant good breakfast 	hotel not walking distance major attractions like stated 	space needle pike market 20 mins away walking opted drive there.we pleased hotel stay,4
37,great value seattle spouse stayed warwick seattle days september 	hotel does not disappoint reasonably priced stay downtown area 	easy walk sightseeing attractions blocks waterfront free bus seattle figure worked research 	room king bed spacious nicely appointed comfortable plenty pillows 	coffee room course great seattle 	bath finished marble deep tub hand-held shower nice touch 	toiletries average not huge consideration 	complaints concerned desk 	reservations trip leg olympic penninsula decided cancel second reservation 	arrived hotel day travel desk clerk kept waiting minutes hello 	moved second desk clerk free told reservation not 	no attempt look 	walk stairs parking garage confirmation luggage did reservation 	following day office tried told n't staying 	parking 21/day pretty steep option parking seattle scarce 	hotel does n't shuttle option cab 30.the hotel restaurant adequate really great breakfast walk block mayflower park hotel pricey fabulous,4
38,gem hotel absolute gem 	small great service 	room not huge certainly adequate clean comfortable 	ask room high floor great view downtown space needle.best attentive staff 	concierges friendly helpful 	shuttle drivers went way literally 	victoria ferry pick 	convenient.would recommend,5
39,pretty good value visit seattle frequently 	1 2 days longer 	staying 2 nights not worth especially hotel raised rates lately 	recommend ramada steps away 	staying longer time perfect 	especially families 	fancier hotels town warwick satisfy families especially expensive suites 	swimming pool bit dark balconies acually just big step windows views location perfect 	small restaurant dont overpriced does not offer better food downtown,4
40,average nice stay hotel amazing location great restaurants gourmet grocery cinerama 1 block radius 	macy nordstroms shopping blocks 	mattress comfy 	amazing sweeping view space needle lake union downtown elliott bay 	great pool gym facility 	room service nothing write home 	n't pizza 	parking 21 	yikes 	old building nicely remodeled,4
41,bad choice 	booked hotel hot wire called immediately requesting nonsmoking room king bed room away elevator/ice.the person spoke pleasant stated not guarantee requests honored make note reservation 	check-in person desk rude said no special request noted reservation card andstated no king beds way reservation stuck 2 double beds 	located directly accross elevator ice 	nonsmoking 	no elevator parking garage hotel 	warwick mats garage filthy stairwells 	hotel faces 4th smells urine 	carpets registration elevator area need cleaning 	upholstery curtains room needed cleaning andpressing sign bathroom water conservation tub facet dripped continuously 	tub drain needsattention shower curtain holes 	no coffee maker room 	bedding did not fit bed sleeping directly mattress bedding askew 	staff unfriendly short 	housekeeping staff quite pleasant 	stay hotel,1
42,good value hotel stayed warwick times past years spent night march 25 2005. room fine king bed tv pay view movies mini-fridge 	thing missing coffee maker 	nice marble bathroom hand held shower 	view east hotel space needle time viewed 2 westin hotel towers 	price right got 10 miles aadvantage card 	fly ointment 21 overnight parking charge 	definately come location great,4
43,warwick bad good reviews warwick shocks staff quite rude rooms fairly dirty 	cut asked bandaid did not 	requested bottle opener did not better service,2
44,great service warwick just recently spent 4 days christmas holidays warwick 	helpfulness care courtesy experienced desk restaurant room service housekeeping staff truly average greatly appreciated 	restaurant turned fabulous meals time certain operating skeleton staff 	thing prevents giving place excellent rating following hotel tired 	old dirty carpets bedding expect hostel 	given price range rooms face lift necessary,4
45,austin powers decor familiar 	hotel seattlewhere sheets 3 different colors hair.but okbecause clean second day.the bathroom friend cringe.she asked brought flip flops sanitizer spray.the dirty shag carpet did n't stop wall.it crawled inches.i star saw shining worse,2
46,great location n't stay long needed place stay seattle prior catching early morning amtrak train portland 	looked train station not 	dropping hertz car hilton downtown just wanted place spend night 	called hotel seattle based location tourist map near hilton 	did n't access internet research reviews did not stay 	location great virtually door high end hotels 	half price hilton thought try 	checked asked aaa discount clerk response 	time heard hotel desk clerk not knowing aaa 	room used low budget movie version run hotel threadbare carpets dingy curtains not quite hanging right minimal lighting strange hanging light middle room dingy bathroom 	definitely dingy did not appear obviously dirty 	no a/c luckily did n't need 	bed not particularly comfortable little boucy people definitely gravitated middle 	no clock room did wake requested.it ok spending night n't want spend 	positive great safe location quick taxi ride train station shower great 	not invested low flow shower heads water pressure really high 	really enjoyed conversation desk clerk morning 	mentioned clerk previous night heard aaa told clerk moron owner not asked interview 	went say check reviews trip advisor listed worst hotels seattle 	got ta love type enthusiastic employee 	worked night 	friend day clerk did mention nicer rooms 	definitely n't want not nice ones 	recommend ask room committing,2
47,pay read reviews booked knew getting 	mind n't surprised 	fact better expected 	yes rooms outdated towels floormat limited cable tv overall lack amenities use hotel 	reviewer said like budget overseas hotel stayed similar condition just enjoyed experience 	check desk service great 	asked extra pillows maid got 	spent 5 flowers pike street added character room.location 	friends stayed fairmont street stayed 3 nights night cost 	money went dinners trip victoria baseball games,3
48,not bad location unmatchable price range 	simple sleeping room 80 expect pay 2x 	surprisingly cleaner hotels seen past week driving la staying travelodge days inn motel 6. quality furnishings high 	sure little run spots just old building usual character flaws none affected comfort 	lucky corner room especially nice look w know paying 250+/night 	bath worked n't care watch tv vacation no idea worked want believe comments feel free 	mean room come,3
49,remarkable hotel needed days booked inn based tripadvisor reviews 	great hotel 	staff professional accomodating 	town car service available airport immaculate rooms spacious bathroom great location 	not great hotel price great hotel 	room facing inner coutyard no problem noise 	rooms face st. noisy 	location excellent downtown seattle.went attached restaurant bacco breakfast cafe champagne dinner 	excellent,5
50,great location friendly staff stayed hotel easter throughly enjoyed time 	superably located exploring seattle especially market rooms good size.the staff not friendly helpful reception area welcoming.our room exit stairwell night hear rumbling assume like air conditioning pipes,5
51,excellent way stayed inn market memorial day weekend 	room large great view water sure request way advance 	hotel quiet fully booked crowded 	service impeccable staff well-mannered friendly 	ca n't fault anything.it great location right pike place market near lots great restaurants like etta chez shea,5
52,amazing location great views fabulous boutique hotel adjacent fish market seattle 	stayed short night heading vancouver island honeymoon loved 	service great desk pointed great spot sandwiches 10pm sunday not easy 	hotel adorable chocolate covered strawberries room decorated like bride groom 	thoughtful cute touch 	did n't time explore area hotel room clean pretty view water/market bathroom nicer standard hotel bathroom 	brunch morning little breakfast place tasty hit spot drive ferries.oh hotel cool outdoor patio higher floors offers really incredible views.a stone throw pike place market,4
53,outstanding choice reserved city view room night week 	checkin helpful desk staff amy gave complimentary upgrade 8th floor water view 	access large deck overlooks seemingly 	checkin housekeeping valet services checkout smooth friendly 	pike place market close silly 	staff great recommendations breakfast dinner trying steer house restaurant stay say absolutely excellent 	rooms clean appointed 	no reason not reserve room time-althought fairmont better choice kids come,5
54,great hotel great hotel 	good sized clean rooms 	helpful staff 	unbeatable location 	walk door pikes market original starbucks 	hotel walked underground tour monorail space needle duck tours 	stay,5
55,expensive 	not biz travellers 	simple fact hotel location simply unbeatable.. mere stone throw away pike market 	plenty great restaurants generally fun area 	tourist 	quality hotel so-so 	not place business travellers 	bit hard especially just returned trip hk stayed conrad hk wynn macau 	compared inn feels like motel 6. issues:1. no desks rooms place laptops 	wireless internet no place work bed 	2. furniture coverings worned just outdated 	3. room 409 city view room 	room date 	avoid cost window sits right bus stop 	claim windows double paned hear buses roaring engines 	sleep ear plugs desk 	4. ac standalone unit attached wall 	not central 	standalone unit quite bit noise 	looks cheap tacky 	5. no business center 	fax machine located basement hotel 	price pay paying location 	staff extremely friendly 	folks check fried doughnuts dhalia lounge,3
56,nice place 	lunatic 20000+ miles flying space days night kill seattle early trans-con flight nyc 	night original plan needed hotel none prebooked.this place recommended just block excellent irish pub kells just happened ended in.just room left 220 tax.excellent friendly staff lovely decor big rooms im used nyc rabbit hutch big spacious views water free wi-fi just need ask reception access code 	place spotless nicely decorated individual usual bland chain hotels sadly prevail.the area felt fine-in limited time safe near bars shops usual stuff 	no drunken noise street either.it quiet comfortable slept well.normally like add pictures reviews length stay lack ca n't time- sorry return seattle list hotels use 	try,5
57,okay not amazing husband stayed weekend night 	spent time trying great place stay seattle 	read tripadvisor reviews saw listed tl 500 hotels 	like pretty good bet fantastic place 	great fine just not really amazing little boutique hotel expected reviews ratings 	thought room nice not incredible 	service better 	woman desk friendly got things wrong 	note visiting seattle try eat canlis 	incredible meal,3
58,boutique charmer great location wife recently spent 5 nights inn market attended convention 	nice time small comfortably furnished hotel great location just hill pike place market 	walk convention center 8 blocks east pretty easy steep 1/2 block adjacent hotel 	number trendy restaurants walk north ave. pioneer square old stone buildings charming pergola south road 	course market 1/2 block west food stands boutiques fish flower stalls handicrafts jewelry tables entertainers ethnic dining options spill narrow alleys covered arcades 	pleasure wake morning grab eat nearby watching small trucks vans unload wares vendors set tables.our room corner overlooking city spacious lots storage space wardrobe large bathroom 	sink pedestal-type spreading toiletries limited glass shelf nearby small table/shelf unit 	hear traffic noise street annoying did request lowest-priced room city n't expecting total silence closed doors 	rooms window seats pillows nice feature makes rooms appear bigger provides additional seating good spot reading people-watching 	decor contemporary beiges browns blacks predominating 	good weather upstairs terrace nice place sit enjoy views bay market.the modern brick building surrounds pleasant courtyard splashing fountain/sculpture adjacent outdoor seating hotel restaurant 	lobby opens courtyard fireplace stuffed chairs registration desk helpful staff operates.we enjoyed time 	hotel nice option n't want large convention hotel central seattle location 	aware seattle does share street people couple strip clubs near pike place market,5
59,loved inn inn market awesome 	not beat location right market 	room large beds really comfortable 	room partial view elliot bay 	n't miss rooftop deck best view seattle short space needle 	staff friendly 	highly recommended 	staying future,5
60,n't asked better hotel experience 	hotel perfect 	stayed townhouse suite nights wish stayed month 	soon walked room opened windows million dollar view 	skyline city pike market literally 50 feet away water mountains distance 	room levels kitchenette living room downstairs bedroom bathroom upstairs 	bose radio great fact turned television 	beds really comfortable linens top-notch 	okay service word fantastic 	extremely important greeted casual genuine manner time enter leave hotel eye-contact sounds easy rarity today hotel market 	no matter came went greeted smile eye contact really love 	staff helpful went duty ensure taken care knew great places wonderful restaurants dine at.some hotels just n't inn market definitely understands excellent service hospitality 	stay small intimate property like taken care monstrous hotel 	kudos staff management making fabulous hotel experience,5
61,nice needs undating husband stayed inn market celebrate birthday overall stay wonderful 	enjoyed two-story suite incredible view market sound 	quiet location perfect 	complaint hotel needs better job keeping maintainance 	room major scratches walls stains carpets 	cracks bathroom tile significant signs wear bathroom 	price expected regards quality upkeep 	hopefully management pay attention keeping lovely hotel fresh lovely,4
62,wonderful location great beds pretty rooms inn market lived positive reviews 	tourists car location n't better 	countless excellent restaurants easy walking distance 	rainy able explore area race hotel warm got wet cold socal little tolerance weather 	staff friendly view deck glorious dark day 	room spacious beds extremely comfortable 	hotel stay seattle great fun uncooperative weather,5
63,tempur-pedic beds 	minute literally driving past way hotel decided stay 	great 	staff extremely helpful accommodating room really comfortable clean location excellent 	atmosphere location hotel great choice previously stayed grand hyatt returning 	room internal facing left bit loud tempur-pedic mattress huge bonus fun try 	way restaurant courtyard desk staff suggested try turned excellent 	view deck great 	stay,5
64,loved inn stayed inn market 7/11/05 7/18/05 	location hotel perfect sightseeing getting seattle car n't want drive seattle 	pikes market street waterfront steps monorail space needle short walk plenty great places eat short walk cab ride 	service conceirge staff inn terrific 	helpful recommending arranging sightseeing excursions mt 	ranier whale watching vineyard tours etc. 	complimentary town car available trips downtown area 	great help dinner reservations 	rooms immaculate 	twice day room service included turn evening fresh towels 	decor rooms modern elegant 	n't miss roof garden area great view puget sound 	great place unwind end day bottle wine 	definetly return inn,5
65,worth money location recently stayed inn market returning having stayed 1999. best location seattle particularly shopping 	hotel nice rooms nicely furnished not breath away rooms 	views risky goes seattle sit room watch world 	beds tempurpedic incredible count great night sleep 	1999 staff excellent 	requested room floor terrace met request pleasantly 	guests advantage terrace 	nice evening shops pine street purchase nice bottle washington state wine snacks head terrace watch ships leave sunset 	relaxing romantic 	staff assist wine glasses 	needed,4
66,hated inn terrible 	room-service horrible staff un-welcoming 	decor recently updated lacks complete look 	managment staff horrible,1
67,loved inn husband wanted romantic away night 	inn perfect met imagined 	rooms clean quiet comfortable bath robes nice touch 	staff helpful 	location great good restaurants walking distance market right fun visit time free bus service close visit sites city 	beware parking hotel valet costs 25.00 night 	mentioned desk person not away cost not mentioned web page 	expected pay removed charge 	great customer service 	wonderful deck overlooking puget sound 	recommend inn planning long visit just romantic away,5
68,ace not place husband stayed ace hotel seattle nights excited book room style hotel far alley floral bb motel 6. happy impressions 	room decent sized bright corner windows it__Ç_é_ pictured website shepard fairey wall 	asked desk clerk parking does state website street parking available 	n't tell got street parking stay 8am start charging.__Ç n't lot info drug luggage room 	headed bed things got worse 	bed size not listed website assumed queen 	beds sized sleeping comfortably little difficult n't sleep happening room 	room bar loading/delivery zone corner bus stop 	noise staggering continued night morning wake early feed meter 	glowing light hall showing window door annoying saw turned 	day requested fairness rest staff dealt nice accommodating unable following night hotel 	plus shared bathrooms issue finding free breakfast did include coffee tea fresh waffles toast granola juice yogurt apples 	piles good magazines available guests robes rooms use 	second night slept slightly better used earplugs not acceptable solution did wake early deal car 	night moved smaller interior room considerably quieter downed music hear fan hall bathrooms 	room walls definitely felt like dorm room 	did sleep better 	recommend hotel traveling friends not plan doing sleeping loud roommates come home drunk play loud music time 	location good walking attractions like space needle market did good restaurants nearby 	just don__Ç_é_ know stay,3
69,pay location location perfect walking distance 	lot stairs bags problem no elevator available clean noisy woodden floors hear rooms street 	breakfast included good 	conclusion good compromise,3
70,ace grunge lives does mold mildew tiny bed metal sink cool extra instead nightsta,1
71,ace hotel 	reasonably priced hotel great location seattle 	spent nights room staff great 	communal showers immaculate queue 	breakfast great 	bit street noise coming floor ear plugs room 	highly recommend bar cyclops hotel,4
72,disappointed arranging anticipated girl weekend friend escape children excited sleeping night 	children want enjoy hip places cool design stay boring run-of-the hotel opted ace hotel digs 	order ensure maximum uninterrupted sleep booked separate rooms 	arrival hotel informed hotel mix-up online reservation room small queen-sized bed supposedly deluxe room 	normally suck accept just simple mistake time really annoyed 	irritation partially attributed overall nonchalant attitude uber-cool reception person did n't really attempt compensate slightly lower rate room 	fact checked reservation printed sheet refused let look friend asked wanting cross-reference information sheet written reservation 	strange appeared mistake did n't want admit quick blame online booking 	inference fault booking online 	add insult injury told shelling small fortune parking lot street parking reduced rate lot not easily marked 	room dingy not charming photos web-site suggest 	did couple rooms walking corridors looked lot better room did.anyway aside great location decently priced overall experience just n't impressive 	days later received email hotel thanking staying hope enjoyed stay responded email outlining frustrations accomodation 	not like time really needed air dissatisfaction 	hotel manager replied apologetic email offered discount later night stay redeemed 1st 2008. like positive response negative experience planned return hotel husband romantic away 	so-called compensatory offer acknowledged 	multiple attempts contact manager specific date weekend messages nothing 	did not return messages 	n't know happened no reply 	guess hotel does n't need business experience isolated case 	event not planning stay ace time soon,2
73,ace hotel awesome 	stayed seattle ace hotel 5 days loved 	great location belltown directly opposite macrina bakery quite possibly best breakfast/brunch/lunch place seattle wtih fabulous baked goods.all staff friendly helpful 	check-in friendly receptionist forgot ask sorry 	gave 4 fabulous food recommendations city tried loved 	foodies extemely important good recommendations locals.the room small totally adequate shared bathrooms shower rooms spotlessly clean 	enjoyed simplicity hotel little extra touches like adjustable lighting music bathrooms free current magazines available lobby 	breakfast granola really yummy too.for location amenities price say ace hard beat,5
74,perfect way 	stayed ace seattle short time august 	perfect hotel 	things need none things n't 	great design super comfy great location 	staff friendly knew cool places helpful way 	rooms super stylie great art ammenities really need 	loved place planning make sepcial trip portland check ace portland apparently turntables rooms library vinyl check,5
75,interesting comfortable base seattle really enjoyed time 	interesting decor unique touches 	super clean tidy bathrooms shared spacious clean available 	breakfast adequate fresh simple quite healthy nice change usual cardiac inducing breakfast fare served hotels 	definitely stay,4
76,great hotel non-traditional stay true feel seattle 	actually stayed ace 2 new years eve ago live seattle 	popped occasion make sure route friends people visiting seattle ace.it downtown busy street 1st ave rooms interior no view.but rooms funky modern room bath bath robes just fun 	ok shared baths little noise ask room facing street hotel best neighborhood seattle- accessible seattle center tons great bars restaurants casual try belltown pizza cyclops- surprise great food stiff drinks nicer meal try zoe breakfast walk street macrina bakery morning glory rocket muffin- food places 5 blocks ace hotel fish market/pike place waterfront downtown shopping 	couple blocks ride zone buses want downtown.if want standard not place 	want experience seattle willing roll punches want little adventure ace hotel fit perfectly 	cant beat price downtown seattle,5
77,stay clear 	internet reservation friday rang hour later add thursday booking 	thursday rang let know arriving late said no problem 	arrive 10.30pm hear oh n't booking tonight 	n't room 	total apathy not concerned 	says sorrys looks reservation book sorrys apathy 	finally says bb door calls authority hangs says sorry times 	incompetence management employees 	completely soured trip 	stay away,1
78,single rooms like hospital rooms single rooms hotel sparse intentional know ugly like trapped hospital white walls sink basin room small rectangle shape.the beds hard rocks blankets rough really noisy.this overrated hotel stayed fan stype hotels,1
79,nice hotel husband stayed crown plaza spring break 	arrival told given room beds booked king bed 	matter resolved quickly 	staff helpful met requests 	room large clean quiet great view 	location hotel decent 	overall great experience 	really no complaints said elevators bit slow 	stay,4
80,seattle crown plaza not worth money got late hotel 1230pm gave away reservation king sized bed travel/business days booked hotel 	girl reception desk asked b/c late blamed day shift giving away room 4pm 	thing said nothing proceded offer breakfast change room morning 	rude not make good eye contact ask manager 	did n't manager morning 	days people helpful pleasant deal 	hotel accomodations 	old need lot renovations 	example wallpaper bathroom peeling 	got king bedroom gave corner room probably inconvenience 	furniture did not fit room 	tv small dressers small 	tried use safe room broken 	immediately called desk asked help 	days later checked addressed 	good thing food 	breakfast buffet healthy good 	lunch manager trying make poorly trained employee clam chowder salmon spinach salad crab cakes really good,2
81,priority award floor 	32 member hilton honors priority award intercontinental chain 	use hilton properties chose not pay 250.00 night seattle hilton.i given gold hotel room key checkin room 32nd floor 	view quite impressive good experience ended 	32nd floor reserved priority members lounge complimentary appetizers evening 	room adjacent elevator lounge 	dinner returned room 9:30. 10- 12 pm/am lounge cleaned hotel staff vacuums going employees chattering making incessant noise cleaning commercial office building no regard guests priority club no floor 	management clue lounge cleaned 8-9- common sense.finally posters indicated right elevator shaft hear 	waited 10 minutes elevator arrive 5:00 pm 	taken clue saw earplugs sleep kit bed check,2
82,great hotel hotel nice room really comfortable clean 	location pretty good blocks pike place market waterfront 	definitely stay seattle,5
83,great stay elevators 	agree previous posts hotel elevators 	stayed 4 nights 8/5 8/9 	checked room early given corner club room 34th floor fabulous views elliott bay space needle lake union 	bed great 	think slept better weeks 	morning club level continental breakfast afternoon snacks good 	ordered room service twice just pizza sandwich arrived promptly 	pizza actually pretty good 	impressed desk personnel called time saw 	mishap locking room 	gown putting room service tray housekeeping pick 	duh 	went hall heard people rooms knocked 	let use phone desk 	security guard showed 3 4 minutes 	used service elevator apparently freed public 	elevators complaint stay 	business seattle definitely stay crowne plaza 	like poster just plan leave early catch elevator,5
84,holiday inn 	1st time seattle delayed anniversary trip wanted stay nicer hotels room reminded holiday inn level hotel 	plain room extra pillows 	bathroom ordinary corian sink ordinary bathroom 	room higher floor looking freeway loud 	reason earplugs sleep cd 	asked switch rooms told probably stay way stay 2 nights staying hotel different area town 	luggage room decided eat 	stopped concierge asked good place walk rudely told just walk area 	not sure concierge doorman just sitting desk expected help 	decided night hotel come day earlier happily said 	used club points crowne rooms maybe lousy experience opted leave pay room luxury hotel hotel 1000,2
85,stay liked good rate hotel room 24th floor 	great view 	room nice clean liked sleep aid includes dvd lavender spray pillows eyemask earplugs 	did n't notice noise walked baseball game maybe tired 	staff helpful friendly 	stay seattle somewhat frequently business stay 	parking expensive seattle..welcome city,4
86,good location value downtown stayed town conference convention center little expensive downtown hotels 	able book club room rate regular room hotels 	included continental breakfast club lounge pastries cereal fruit early-evening appetizers charge alcoholic beverages got room high floor great view city 	gave coupon free appetizer bar.the hotel convenient business convention center minute walk park street directly convention center door 	fine decent gym ok bar 	stay try book club room visit seattle,4
87,good experience having booked minute escape university tower hotel review proved excellent minute find.central clean rooms good views albeit rooms exec levels n't exactly spacious.try book executive rooms possible good choice breakfast hors d'oeuvres day makes overall package palatable.restaurant little pricey good food staying night skip try benihana just road hotel great food atmosphere,5
88,pleasant experience location hotel good convenient walking distance 	room 34th floor club level facing water view spectacular 	room large newly furnished marble bath comfortable king bed 	elevators fast 3 	lounge small drinks pricey 	service average check-in prompt courteous 	club level includes continental breakfast money time-saver mornings 	good experience hotel experience similar crowne plaza hotels 	gripe did not make reservation directly hotel told stay non-qualifying priority club reward points 	annoying silly rule make think twice booking hotel group 	crowne plaza hotels unlike marriott hotels smoking rooms available 	smoker good news not sure request non-smoking room,4
89,worst hotel experience booked nonsmoking room online weeks advance stay crowne plaza downtown seattle 	arrival desk staff asked consider smoking room 	completely unacceptable family clearly stated no not consider smoking room mainly concern infant daughter health 	particular staff member went speak quietly desk staff member agreed particular room 	entered room smell cigarette smoke apparent not imagine desk staff intentionally smoking room informing 	days later discovered ashtray matches checked desk discover fact smoking room intentionally not kept reserved nonsmoking room 	clothes belongings baby reeked cigarette smoke.in addition appalling lack concern health wishes room not serviced night stay 	asked desk manager room not serviced checked housekeeping informed not disturb tag door did not disturb 	not case tag inside door entire time anxiously awaiting staff garbage dirty diapers replace towels 	desk manager offered pathetic compensation complimentary hotel breakfast family exposed carcinogenic cigarette fumes days not having rooms cleaned 	definitely stay crowne plaza hotel,1
90,close convention center just stayed seattle crowne plaza feb 11-13. got great rate 65/night hotwire 	checked saturday afternoon 1pm 	got room 23rd floor directly elevators 	did n't really hear noise hallways elevators air conditioning pretty loud covered outside noise 	2 double bed room nice view i-5 	son loved view cars freeway 	asked king bed lady desk said did n't available 	wondering people book hotwire rooms elevators 	mom assigned room elevator booked hotwire 	room pretty spacious 	room 2 1/2 year old son play toys 	bathroom pretty tiny 	shower regular sized good water pressure 	conditioning shampoo mouthwash lotion facial soap supplied 	crowne plaza does try add little details noticed room 	arrival little red bag filled ear plugs eye mask linen spray bed 	cd soft music 	bathroom nightlight curtains clip light 	nice touch 	beds decent 	room quite dry hard sleeping throats dry.the main reason seattle visit northwest flower garden held convention center 	hotel good location 	able walk freeway park end directly 4th floor entrance convention center 5-10 minutes 	pacific place shopping center 5 blocks away westlake 7 blocks away pike place 10 blocks 	walking night little scary lot homeless people lot people smoking weed begging money 	did n't exactly feel safe 	day ok.there no self-parking hotel 	valet service 	quite expensive 27/night 	did notice public parking lot block 12/day.overall nice stay crowne plaza 	stay got hotwire rate,4
91,not bad clean comfy friendly good average hotel 	looking ritzy n't place 	decent view higher motel expectation ca n't afford ritz type hotel place not bad.as hotels downtown parking valet 25 	better trying park street 	room clean courteous friendly desk valet,4
92,loved inn queen anne really great stay 	great staff continental breakfast locationsuite included bedroom lounge room kitchen 2 walk-in robes den,5
93,quaint not rundown son decided celebrate graduation high school trip seattle 	chose inn queen anne proximity experience music project space needle funky shops eateries nearby 	hotel described quaint pictures hotel website nice gave shot.upon entering hotel greeted carpet lobby filthy torn 	uh-oh thought not good sign 	desk overbooked paid confirmed reservations late arrival 2 weeks prior room left 2 beds 	took hurriedly left things room grab quick bite 	returning getting bed noticed room no a/c windows not open son double bed clean twin hairy sheets closet 	not talking old fashioned wall pull-out bed-this actually tiny twin bed stuffed closet 	went kitchenette leftovers fridge fridge mold did not work 	went desk complain told nothing sucked tried sleep 	took sheets bed used sons blanket eventually closet got stuffy jumped sons bed fan 	morning experienced plumbing issues toilet shower bugs bathroom 	packing looked bed make sure got discovered possessions stayed did 	housekeepers did not clean beds change sheets 	canceled rest stay decided leave seattle drove anacortes stayed cap sante inn- palace compared night before.i wrote manager queen anne requesting refund 	received letter saying refund not given gave coupon stay 	use 	word quaint queen anne uses advertising not rundown.my advice anybody staying check room white glove inspection make sure working order agree stay it.by way queen anne policy reserve room charge card immediately not refund 72 hours advance cancellation 	ridiculous,1
94,comfortable apt.-style hotel enjoyable stay price amenities 	european-style hotel 	building old furniture classic style comfortable 	no a/c upper floors able open windows 	terrific grocery nearby metropolitan market good restaurants 	seattle center space needle experience music project science center 	far pike market waterfront inn shuttle available day 	parking tight 	limited hotel spaces usually parking street fee 1-2 hours 	parking 6 p.m. free streets car 8 amreported slow toilet fixed immediately 	staff responsive,4
95,not bad place stay short term n't expect 	want roominess amenities not walk stairs not place you.if day just need place sleep shower fine place 	rate good compared lodgings city.it old 1920 built twin apartment buildings retired priests nuns 	building sisters priests.our room queen bed large walk-in closet kitchenette bath 	clean adequate night stay.the staff friendly bellboy..adam nice helpful 	stairway funny smell mildew like room no air conditioner no smell 	temps hit 90 open windows ceiling fan bearable 	hot temperature seattle rare.this street city center old 1962 worlds fair site space needle park amusement rides short walk away 	monorail 2 ride downtown 	walk free public transportations pioneer square pike markey waterfront.if arriving air rush-hour period suggest let hotel book towncar 	45 plus tip taxi ride rush-hour expensive 	stuck traffic nice not meter 	went taxi 5 a.m. sunday cost 35 plus tip,4
96,excellent stay staff friendly helpful 	nice hotel price 	supermarkets restaurants close proximity 	ideal location space needle 	breakfast included added bonus 	rooms big spacious 	overall nice experience relaxing,4
97,return going seattle booked hotel knowing budget hotel 	check-in friends met friendly warm welcome 	rooms read reviews simple charming 	beds-ok bathroom-ok really big closet nice little kitchenette.the breakfast not described great experience needs little kitchenette 	bring coffee lobby prepare bacon eggs bought supermarket located not 150 metres away.what stay great experience friendly staff especially dana conveniant compementary shuttle service low price great location 	10-15 minute walk city center 2 minutes key arena 20 minutes hooters restaurant 20 minutes pike market 8 minutes space needle.///anders friends,4
98,terrible hotel approximately 2 weeks ago april 25 2007 reservation hotel night 19 2007 	wrote follow-up request reply advised reservation cancelled overbooking.i wote giving reservation number just wrote just saying sorry making no effort room nearby hotel 	rhe emails brigeta operation manager 	not written approximately 2 weeks stay positive left scrambe new hotel lobby inn queen anne.i practice unforgivable especially light having resevation number guarenteeing room 19 2007. point making advance reservations hotel suddenly cancel little advance notice sincerely greg scanlonsan francisco,1
99,great price okay experience stayed inn queen anne nights mid-january 2007. price good 79/night room fine 	old shabby clean comfortable 	having kitchenette microwave stove sink fridge great room surprisingly large walk-in closet 	service friendly no warned desk staff leaves 11:00 pm 	calls desk hour fielded staff hotel problem example needed request iron ironing board morning n't able guy hotel n't queen anne answer phone 	inn queen anne no elevator n't problem big problem some.the downside noise 	hotel no soundproofing rooms night bed 2:30 ask next-door neighbors kind party going hold 	morning plumbing noise deafening morning awakened 6:00 pm showers rooms me.however location great hotel just north space needle smack middle seattle bohemian-hip neighborhood 	excellent cd shop just corner restaurants safeway 	deep sleeper n't need first-class accomodations hotel good bargain,3
100,old dumpy place problems head starts spinning thinking start 	got like 10pm check-in told park street cuz no parking left lot 	room tiny carpet dirty spots 	room came kitchen nasty used 	especially fridge time opened nasty odor rotten vegetables gushed fridge filled entire room 	day night hear people talking walking stairwell right outside 	noise streets right outside window substantial 	just no sound insulation place 	bathroom surprisingly clean room appeared well-kept 	shower pressure horrible stay ran hot water twice 	fact morning took cold shower basically start end 	desk staff generally nice 	guy completely uncaring unhelpful not sure problem 	thing liked place ceiling fan walk-in closet 	paid 100/night place suppose reasonable seattle center area 	pay 40 night stay holiday inn express 	basically ca n't recommend place,1
101,great location staff location price make older hotel good choice 	staff friendly 	looking modern place not 	old studio apartment building run hotel 	great neighborhood close great local resturants 	hotel does not sterile tourist feeling newer mid range hotels 	feels like small european hotel 	yes rooms use little moderizing compermise 	just reservations stay,3
102,dump stayed weekend expected charming 1929 property based web-site reviews expedia 	did n't expect charming mean incompetent staff showers randomly scalding cold medium pressure just trickle tacky acoustic ceilings moldy non-functional windows shower no screens windows no a/c having room left unlocked maid service having wait 18 hours iron gave 30 minutes make wedding having car 8am parking thought desk reality n't etc. etc.expedia apparantly wo n't publish negative reviews like gather having tried 3 times publish on-line calling customer service exchanging e-mails 	beware reviews expedia especially beware hotels like,1
103,absolutely charming good value stayed numerous hotels seattle characterless star chains suites westin olympic past 45 plus years 	inn queen anne really stands crowd 	just best value accommodation seattle 	loved place 	older converted brick apartment building loaded charm 	enter pretty courtyard trees flowers 	wonderful-smelling hallways stained-glass light fixtures wing-back chairs sprinkling antiques 	rooms not large far tiny comfortable clean 	standard queen 	slightly larger rooms queen twin 	junior suites bedroom suites 	mission-style furnishings upscale expected star hotel 	bath small cute pedestal sink gold mirror elegant light fixture 	soaps 	upscale towels not huge tremendously fluffy adequate expected 	did n't use little kitchen certainly come handy lot people 	room nice walk-in closet real surprise 	queen-sized bed firm comfortable carpets newer clean 	staff friendly accommodating free continental breakfast fresh good 	parking street 10 hotel bargain seattle.i know writers complained hotel n't understand 	place cute charming fun heck good deal 	recommending friends 87 year-old mother 	like same-same cookie-cutter not place 	charm individuality slight touch refinement grace elegance fall love did,5
104,avings seattle did n't expect luxury price paid knew old building fine decor rooms small annoyances tried patience times like getting smoking room reservation non moved non 4 days later avail 	no outlets bathroom did mirror main area new non-smok room having ask items daily maid service wash cloths bath mats maid service cleaned unwashed dishes bonus 	observed items irons hair dryers extra pillows not available desk staff spoke did try help continually asked check later not accommodate 	members staff spoke not knowledgable hotel lobby brochures pamphlets mags guided 	looking no frills safe walking distances including great restaurants place 	tips bring hair dryer iron remember no elevator building,3
105,good bargain hotel great little neighborhood seattle city center space needle key arena 5 minutes downtown 	free shuttle materialized promised location near monorail seattle excellent bus 	not luxurious definition lovely old building clean quiet rooms kitchenettes like extended stay hotel 	staff courteous helpful 	parking 10/night onstreet parking free weekends plentiful no events going arena 	recommend inn looking safe central location bargain price,3
106,good choice seattle said little gem boutique hotel edge downtown 	old building nicely maintained restored people not like slightly old finish 	loved 	room floor building 	meant quiet fairly clear view space needle 5 blocks away 	room 2 queen size beds separate small sitting room kitchen 	worked clean.the staff friendly professional 	valet parking quick easy 	location partial residential area homely feel outside lots good neighbourhood restaurants pubs 	short walk seattle center provided access monorail quck trip downtown.we definitely stay seattle,4
107,nice comfortable stay people ask stay hotel say yes 	just careful room in.i stayed marqueen 4 nights business trip 	review mentioning noise thought having spacious comfortable room important 	arrived couple asked prefer quiet room 	took quiet room 3rd floor 	checking desk person did not ask preference just let took room gave 	turned direct noisy bar 2nd floor room 204. n't noisy checked 4 pm 	wed. noise bar started 9 pm ended 2:30 	window shut hear screaming guys gals smoking outside bar 	believe hotel knew noise problem bar set ear plugs snack basket guest 	use ear plugs night 	weekday not imagine noisy weekend 	morning changed quiet room 3rd floor facing backside building 	rest stay wonderful 	funny thing loud noise problem think staying hotel gave sense living seattle 	loved 	maybe hotel kind like apartment feel like living 	having kitchen dining area nice 	nice separate living area sofa coffee table.one thing car parking hotel tough 	lot restriction street parking 	expect pay 20 day valet parking hotel 	able car day 	pay tip valet parker.when went downtown meet husband walked monorail just 10 min nice walk hotel 	monorail takes 2 min westlake shopping center center downtown 	decided stay marqueen avoid room 2nd floor facing street 	want quiet room ask 3rd floor facing building 	little bit space needle view window 	noticed 2nd floor facing no view 	looking wall building sad,4
108,nice touches arrived marqueen early hours moved noisy hotel downtown 	receptionist helpful friendly colleague delivered earned bottle wine promptly room.all family friends hotel wedding 	location easy reach space needle bars restaurants 	welcomed use kitchen extras purchase basket room nice touch 	staff courteous friendly turn service nice touch,5
109,perfect bride/groom guests 	husband chose marqueen wedding hotel july 	talking hotel seattle marqueen best rates rooms/amenities run stay 3 nights 4th free- check website deals 	excellent location amazingly easy work 	offered small block rooms needing guaranteed fanatic went forth guest service manager times super nice 	left bottle champagne room night wedding 	thoughtful 	rooms like small apartments- pictures posted previous guests accurate stayed room 202 nice view hotel 1st 	small kitchenette built dining space huge bedroom small sitting room 	used 202 brides getting ready room housed people comer/goers feeling crammed.the marqueen older building great architecture light took sight pictures headed wedding bride/groom 	like hotels basics large room clean internet service 	bellman help second car pulls opens/closes doors time arrive desk nice marqueen adds extra touch looking 	esp wedding weekend.other details drawback didnt think dont serve breakfast 	kitchenette pesos street yummy breakfasts 	close multiple restaurants lower queen anne 2 large grocery stores kits camera came handy dry cleaners kinkos 2 starbucks- 4 block radius marqueen.- super clean rooms maids really good not disturbing wedding stuff organizing room service.- downtown shuttle awesome fyi- marriott lake union doesnt shuttle- guests staying overall disappointed parking easy valeted hotel time minimally 	free internet worked well/fast 	hooray 	didnt notice elevator older guests handicapped 	rooms floor.overall 5 stars highly recommend marqueen 	enjoy 	havnt added pics room 202 posted reviewer quite messy room 	pictures good truly room,5
110,close..but no sigar 	stayed marqueen week 	expensive 	different experience staying typical hotel-chains 	charming 	variable service front-desk positive helpfull staff 	room 211 spacius quite asked quite room got no view 	window faced brick wall 	probably better 3 floor.cleaning better hotel general soon general clean-up.close location space needle belltown,3
111,fun charming just needed issues stayed marqueen days march tourist trip seattle intention hitting tourist sites having traveled seattle business times 	marqueen location perfect seattle center space needle emp sci fi museum children museum theaters intiman seattle rep mccaw hall key arena 	charming neighborhood good restaurants great not good selection does wear days rooms appointed having kitchen great 	ate room going larry market right near good fresh meals.the staff friendly helpful seen awhile 	knowledgeable friendly fake 	quick recommendation need 	not say good things staff 	really stay worthwhile 	weekend staff not friendly helpful.the drawbacks bed uncomfortable slept pillows flat hard 	does loud event key arena bars street especially weekend avoid room floor facing street costs 	n't like stairs avoid room floor 	no elevator walking day gets tiring 	clear day views floor room facing street gorgeous.you not close downtown pike place waterfront 	did walk couple times n't terrible not advisable 	did use shuttle times terrific not available stuck 	schedule hotel advance ca n't schedule pick town advance chances 	weekend staff not helpful regard kept recommending bus 	got hotel shuttle available 	shuttle really nice addition does make getting easier able schedule it.all nice place stay 	showing age little bit charming better chain motel bland rooms decor 	definitely recommend marqueen stay,4
112,gorgeous hotel great hotel huge elegant rooms 	clean staff friendly helpful 	fantastic value money great location interesting views seattle window seconds away seattle center 	recommend anybody,5
113,charming great value marqueen stayed marqueen aug 15-21. staff accommodating holding room night flight cancelled not charging night cancellation 	received floor hotel room requested booking internet site 	rooms quite large convenient kitchen came handy staying week bringing home goodies pike place market 	great location seattle center events opera 	20-25 minute walk market downtown enjoyed 	coming home uphill challenge warm days 	monorail convenient 2 block walk did not use 	walk flights stairs chore not decent shape 	great value 157/night attending opera nights location n't beat 	coffee shop wonderful enjoyed 10 mercer dinner just appetizers drinks opera 	clean 	close transportation 	offers car town did n't use 	rented car nights parked street blocks away save valet fee hassle wanted use car 	return price,4
114,good choice marqueen place stay going key arena seattle center venues short walk away 	building refurbished apartment house rooms bigger usual hotel room size kitchen separate sitting area 	room elegantly furnished bed comfortable 	staff cordial gave suggestions helped trip 	wine-tasting event night stayed there.a couple things mind:1. no elevator bellman assisted luggage 	unfortunately did not offer pick carry flights remind exercise good 	no big deal you.2 	coffee bar not coffee shop trendy bar hotel nothing hotel big chains 	no big deal 	neighborhood kinda funky pleasant did not walk far good places eat breakfast dinner 	3. hotel not downtown not walking distance pike place market pioneer square business district right seattle center entertainment venues museums space needle monorail takes right downtown 5 minutes 	forms public transportation plentiful convenient.enjoy seattle,4
115,perfect needs marqueen nice change typical boxy hotel room 	like brand new not love sense history appreciate marqueen 	advise trip advisor asked room not bothered noise fact thought maybe ones not case 	apartment nice equipped kitchen space 	proximity market good restaurants kerry park seattle center monorail walking workable option 	staff gracious,5
116,great location downtown currently staying mayflower park hotel 	husband son stayed night arriving seattle 	returned stay nights end travels flying sea-tac airport 	contact hotel directly rate got cheaper going directly online aaa discount mayflower nice older hotel right heart downtown seattle 	add hotels near location expensive just 6 blocks away cheaper cheaper mayflower land desirable location 	mayflower old building renovated 90 clean decor like saying fancy mother laws house single bedroom small night fine barely fit luggage portacrib..this second time delux queen room upgraded free great size 	bathrooms rooms nice clean tiny tastefully 	desk really warm friendly restaurant bar site great 	hope enjoy,4
117,gem 	just returned second delightful stay year mayflower park 	5th floor suite lovely sitting room separate bedroom 	husband normally rises earlier perfect arrangement 	wet sink bar coffee maker sitting room allows sit desk write enjoys morning coffee 	comfy sofa armchair ottoman cocktail table windows sides make room pleasant place hang 	enjoyed terrific lunch breakfast day andaluca nightcap oliver baseball game 	rooms attractive friendly environments 	hotel real winner feel totally home staying,5
118,best bar lobby meet friend year 	pop elevator oliver great place drinks people watching 	great location,5
119,luxury luxury having stayed suite elses dime 	suite king size bed day bed dining table 	posh tell truth stay movie rock star.no complaints does n't better,4
120,nice stay mayflower park hotel great choice want equidistant space needle basball/football arenas did 	needle definitely walkable.the stadiums longer.definitely leave 30-40 minutes walk.another thing close pike place market 	blocks away.also right major shopping tins restaurants starbucks course plenty fast-food joints.the staff extremely friendly easily stay 	rooms pleasant 	classic room touch small fine fine people,4
121,good hotel walls liked room small 	staff great.oor.furnishings nice bed comfy.my compalint hear door 	tv woke early n't talking loud hear form time time 	wanted romantic away privacy,4
122,mayflower park hotel-great location great hotel enjoyed night stay mayflower park hotel august 2005. busy time seattle ring cycle opera week upgraded suite pleasant surprise 	wet bar coffeemaker mini-refigerator sink large living area desk free wireless internet access nice sofa comfy chairs king bed large closet/dressing room nice bathroom small historic fittings 	hotel member historic hotels america lobby small evokes historic feeling 	nice bonus invitation wednesday early evening wine tasting hors d'oeuvres restaurant andalucia 	pleasant experience 	did n't time use fitness center hotel location right center town provided lots exercise walking seattle hills 	walked rei pike place market pioneer square victory brewery hotel 	desk bell staff particularly helpful host wine tasting pleasant 	certainly recommend mayflower park hotel definitely stay again-there seattle barely scratched surface,5
123,great central location hotel ideally located 4 blocks pike market right beginning monorail line leading space needle 	direct covered access mall surrounding monorail station 	bar hotel offers great view street seattle fine cocktails 	room small did not safe offered reception free.the complimentary wireless internet access great help research town.a note not know distinct scent pizza hallways lobby area maybe adjoining mall food court,4
124,trust great 	just returned trip seattle 	booked mayflower park hotel based comments site thought share experience add mix 	happy stayed 	request early check-in rollaway family package tickets ready waiting arrived 	room fantastic children talking great hotel bathrooms deluxe room 	location great 	stores shopping sites nearby easy access monorail 	staff helpful friendly concierge little 	drinks bar nice pricey 	dinner andaluca fine nothing spectacular somewhat slow service n't busy 	overall stay great hope return day,5
125,wonderful stay decorating room little drab dark overall facility nice 	deluxe single spacious corner room large seating area 	staff gracious helpful price reasonable seattle season 	location wonderful walk everthing convenient bus service,4
126,wonderful hotel 	just spent nights mayflower park wonderful experience 	neat old hotel lot charm 	staff friendly concierge folks helpful 	hardly noise rooms 	good beds not rock-hard like hotels 	oliver bar bit pricey convenient better nonsmoking like rest hotel 	upper floor room great view space needle 	location ca n't beat 	walked 	concierge helped rent car day explored olympic peninsula 	husband preferred staying cheaper n't deny nice experience mayflower park,5
127,basic room no special employee attitude good downtown seattle location snobbish attitude desk friendly luggage handlers outdated interior need modernization 	rooms fairly basic bit awkward small nonetheless clean 	noisy ambiance proximity mono-rail blurts super sounding horn hours night 	nice mall near hotel restaurants pike street market places walking distance 	avoid seedy areas night located near pike market 	bit pricey independent hotel definately think staying improve customer relations skill,3
128,awesome location helpful staff clean rooms stayed moore hotel celebrate special occasion budget getaway downtown seattle 	friendly staff offered helpful dining suggestions surprised spectacular room fifth floor 	amazing close waterfront attractions walking distance 	hotel clean fantastic value traveler n't phased quirks come older building,5
129,cheap clean close downtown stayed week beginning 2008. seriously really great hotel seattle 	price right location brilliant staff friendly helpful bob works afternoon/evenings goldmine information eat stayed room bathroom just sink 5th floor view sound foreground view rooftop carpark 	room big clean bed comfortable tv zillion channels 	tiny bit annoying wifi does n't really work rooms accessed lobby 	shared bathrooms cleaned everyday did n't smell bad 	floor stayed not renovated floor sure ask renovated room 	hotel old hallways bit dark overall hotel does n't look like new modern/contemporary hotel 	decor kind old location 2 blocks pike place market price definitely makes 	definitely recommend place 	stay grab pastry coffee pike place market breakfast,4
130,moore deal 	stayed moore years ago accident 	booked place online turned total dump street recommended moore safer bargain-alternative friend i. pretty bare bones clean friendly staff feel home 	coming years later appeared place bit facelift- new paint upgrades room 	pretty basic smallish tv not way amenities bed comfy room clean 	place cool history room despite recent coat paint funky touches big ol victorian bathtub noisy quaint furnace room 	nitelite bar downstairs superconvenient want stay close hotel drink/bite eat 	subject convenient probably best thing place proximity hotel pike place shopping seattle art museum 	great place stay budget esp 	n't want rent car want hoof downtown,4
131,pretty good 	spent nights moore 	really like 3.5 ca n't 	moore really cool old hotel excellent location walk seattle sights 	good spot nightlife funky restaurants.i checked late night staff accomodating 	room large clean 	bed comfortable great view elliot bay window 7th floor 	right near elevator hear minimal noise 	no shampoo conditioner ehn brought anyway.i just parked street free 6pm 8am 	8 came paid parking meter 	3 2 hours.then picked friend airport drove vancouver.we returned seattle final night stay slightly great 	room nice freshly painted clean faucet shower falling difficult use 	night staff night not friendly 	interrupted 20 minute conversation desk agent guest information using guest waited 	clerk unhappy guest relieved.it great guest printer boarding pass welcome 	not print you.i stay save questions friendly helpful day staff,3
132,best deal town n't mind shabby lobby moore hotel best deal seattle 	recent winter weekend charging half downtown hotels wanted 	n't let somewhat shabby lobby scare 	desk staff great service lacking 	broken light fixture closet went unrepaired despite 3 requests 	n't energy effiicient light bulbs great 	avoid rooms bath hall 	finally ask quiet room away 2 busy streets 	ca n't beat location close pike place market restaurants shops bell town 	194 bus airport just 1.50 non stop,4
133,great location fine stay stay moore looks little sketchy outside 	inside solidly average great value seattle outrageously priced hotels bizarre reason.we went stay open minded not expecting cleanliness great location 	yes rooms spartan opted splurge room bathroom share 	tub/shower fine old clawfoot tub cool 	difficult regulate hot water got scorched couple times 	initial staff dealt checking pleasant night clerk total jerk 	pillows exceptionally flat came dinner approximately 10:30pm asked additional pillow bath towel 	rolled eyes acted like asked jog block twice undies 	complained slammed things storage area desk told nevermind make 	responded snarky yeah just going motions 	words just pretending look pillow 	jerk 	fine moore 	location perfect room clean comfortable 	imagine summer hot hell upper floors no air conditioning 	probably fine summer got unexpected heat wave really uncomfortable,4
134,great location reasonable price stayed moore 2 nights prior alaska cruise trip 	moore locates good location 	walk pier pike place market downtown area easily 	went jogging waterfront nice park enjoyed 	walk ncl pearl pier 66 board ship nice walk downhill 	location excellent price.the hotel not fancy clean 	spend little bathroom instead sharing worth money 	small tv no refrigerator drink 	not problem walk buy stuff want nearby.this hotel good budget traveller wants stay near downtown area 	way great time alaska ncl pearl fanstastic,3
135,decent location nice staff disappointing read reviews citysearch trip advisor moore hotel 	called book shared bathroom queen room avail 	lived/traveled europe year did n't think shared bath problem 	fiance shared bathroom toilet shower entire floor stayed room 403 	25 rooms 1 bathroom 	yes read correctly 25 rooms 2 people room bathroom 	everytime day/night/6am/midnight/noontime tried use shower busy 	paper-thin walls no shower toilet far room tiny room dirty sink room smaller-than-reserved-bed miserable 	asked change rooms told 	tried hotel seattle 150/night impossible 	loved town stay hotel 	passed homeless/drunk/druggie-looking types way hotel night sure n't felt safe 6'5 fiance arm 	wanted warn experience try stay capitol hill belltown close downtown action/shops/mass transit far away enjoy locals seattle,1
136,funky boutique hotel different plain 	no a/c small tvs minimalist decor 	not fancy place right price budget-minded travellers.the biggest problems are:1. parking- hotel no parking no agreement local garages 	wind parking nearby 20/day limited access car especially dark.2 	neighborhood- blocks pike place market street little rundown little shady dark 	street noise awake night summer.3 	maintenance- hot water did not work bathroom sink elevator small noisy 	9pm use elevatorall things said not deny value hotel location 	just prepared level amenities appropriate money,3
137,perfect 	love old hotels 	searching web place mini-family reunion pleased moore hotel 	tell owners trying 1907 flavor 	ceiling lighting fixtures cast iron bathtubs true hotel era 	moore reminded hotels stayed europe 	private sleeping rooms jack-n-jill bathroom 6th floor 	room queen bed twin beds 	beds comfortable 	furniture basic budget hotel variety kept 	closets huge 	enjoyed looking windows different periods architecture area bits waterfront seen buildings 	rooms basic clean 	no air conditioning windows opened allow nice breeze 	room fan 	staff best 	aimed 	guided great eateries explained parking situation able stretch vacation dollars helped polish birthday cake cold stone creamery 	room management hold luggage checkout time need 	location great 	blocks pike market blocks car rental office blocks mono-rail station took space needle seattle center 	encountered homeless people area encountered parts seattle 	none rude forceful 	area hotel buzzes nightlife variety clubs area 	plus birthday group needed celebrated cake ice cream 	drawback encountered noise street 	used portable radio white noise not bothered traffic sounds 	definitely,3
138,great location clean rooms stayed june 3 nights 	definitely no thrills place room fourth floor massive new carpet comfy bed clean sheets walk warbrobe sink 	toilet shower room coridoor 	refurb shower pressure great clean.it really close pike place pretty attraction walking distance depending far fancy walking 	decor alittle dull nothing really bother 	staff really helpfull friendly 	location fairly safe did n't problems seatlle does fair share crazies pretty harmless.the bar door not normally home town popped cheeky cider ended chatting locals really cool little rough edges,4
139,noisy good value felt like weekend away wife kids wife kids honest- know wont read 	chose seattle easy reach hometown vancouver.decided moore hotel downtown thrifty poor reading previous reviews suit budget 	staying night-how bad be.on look place outside knew wasnt going buckingham palace.the lobby pretty spartan desk clerk duty pretty friendly-one guy check inwas turned away place full-so book ahead.was pleasantly surprised room-spacious clean.no frills no shampoo bar soap needs.the mattress felt like water bed spring touch floor hopped it.ok so125 kgs it-but crikey bed springs surely seen better days.ah tv-but wait no remote-125 kgs jumping change channels not on.a trip reception enquire whereabouts saidremote-shrug shoulders-our guests home know set tv cnn duration stay.off pike place market-a short jaunt hotel-fantastic location-a dubious characters major city.parked right road place offering spot 5-had car night la hoya/mayweather fight local sports pub-on return garage full-now 	no problem-park street free-after 6 pmand sunday day free.saturday evening winding down-seattleites winding up-the noise level rises crescendo-its 2 a.m.a water pipe prominent celing floor fixture room not outdone comes life gurgle splutterand keeps 5. a.m hour seattlitesdecide time home.i nod fitful sleep.something hotel though-somehow quaintand pleasant obscene kind way.was sorry leave-or teh thought monday office looming large 	place go-just catch sleepbefore,3
140,not bad price given central downtown location low price moore good value two-star 	price not fancy adequate clean roomy 	elevator hallways small dingy rooms fine 	beds good tv sufficient channel selection telephone bathroom normal size adequate motel-type towels/face cloths soap no shampoo 	no air conditioning small fan room barely sufficient 	rural area did n't street noise bad hotel facing 1st 	ave. expect city not objectional running fan white noise helps 	definitely concur reviewers upper floor 5 higher definitely recommended 	free internet service lobby 	staff not overly helpful friendly provided acceptable service 	best thing central location pike market good restaurants downtown sites free bus ride area,3
141,rudest people dont stay 	despite fact cool hotel place sucks 	desk nights run rudest people met 	not problem room extremely rude not hear issue 	dissapointed,1
142,terrible experience awful night stay 	planned staying 3 dirty old hot 	no a.c. met 2 policemen suggested safer place town 	price n't 	spend little lots advantages,1
143,good location inside room moore old place good section downtown seattle center pike place market 	room street bit noisy no a/c windows open 	switched night courtyard room reflected traffic noise 	courtyard rooms surround moore theater not want stay concert night unless n't bed early 	prefer budget hotels near seattle center,3
144,loved moore hotel 	just got night stay moore hotel seattle 	65 night paid amazing deal 	room 6th floor views bay 	room large clean quiet somewhat dark staff friendly helpful 	drawback clawfoot tub bathroom no decals bathmat not careful bit slippery 	desk does not provide bath mats spend bucks 	location really convenient just blocks pike place market easy walking distance pioneer square main shopping area location catch tourist buses cruises 	metro bus 1.25 2.00 depending time day airport just blocks away 	definitely stay seattle prices certainly afford,4
145,great location great price stayed moore nights right memorial day standard room 2 double beds private bath 7th floor 719 	room huge sparsely decorated 	bathroom average small large walk-in closet 	no air conditioning norm seattle 	room clean smell cleaning supplies entered room 	desk service great recommended great places eat order delivery shuttle airport 	free internet terminal lobby appreciated.the location great not walkable attractions middle downtown free bus zone n't walk n't want to.our room approximately 100 tax night 	stay,3
146,best budget hotel seattle 	reviews right best place location 	easy walking distance 	floor n't kept awake street traffic ca n't vouch lower rooms 	reception friendly price great seattle.only negative points dingy little bathroom fairly small lift cares,4
147,surprising enjoyable stay 	3 hotels stayed trip seattle vancouver moore hotel expensive surprisingly best 	room bare-bones comfortable 	7th floor room quiet windows open 	immediate neighborhood devoid homeless beggers 	guest wireless internet lobby 	word advice sure lock deadbolt door leave room.like reviewer walked moore king street amtrak station 	walking n't bad pretty far 	mistake walking 1st walking virginia extremely steep hill 	way hotel website misleading 	picture shown moore theater not entrance hotel 	hotel located 2nd ave middle stewart virginia 	sign entrance hotel flat building not visible walking street 	reached area 11 night totally confused hotel 	maybe just tired.by way reviewers mention hotel couple blocks pike market 	true extremely steep decline stewart virginia 	save punishment knees walking 2nd ave pike street market 	want good exercise walk uphill stewart hotel 	majority market does n't start opening 10am takes 1/2 hour setup 	6pm pretty closed.i apologize mentioned coupon hotel,4
148,moore hotel greatest place charming quaint friendly 	great location ca n't beat price 10 foot pole 	love little shops block underpants jewelry toys stop shopping n't need practical- nitelite bar downstairs awesome,5
149,stay 	stayed moore 3 nights- n't better time 	building old extra charming loved staff wireless network 	great location right pike place market moore theater lots cute little independant shops 	nice views cheap n't believe 	bar downstairs excellent decorations- check,5
150,moore best great practical hotel outstanding price 	walking distance 	great friendly staff 	great price great location 	room simple bathrooms claw feet tubs definately visit,5
151,incredible price better location 	exhaustive online search booked moore hotel 22-24 2005 sister short shopping/sightseeing trip seattle 	beautiful 3-hour drive vancouver canada arrived late check-in no problem greeted cool front-desk clerk accomodating 	room 6th floor lovely view sound large comfortable impeccably clean bathroom complete creatively-folded towels just like caribbean 	69 night n't imagine better value major city especially given location walking distance pike place market amazing shopping great belltown restaurants 	n't forget ask front-desk staff parking 	directed parkade street 15/24 hours 	city moore hotel,4
152,deal 	picked moore basis reviews n't disappointed 	great seattle location close 	rates reasonable larger room immaculately clean spacious comfortable 	does n't little things like shampoo hair dryers 	knew brought 	staff helpful provided internet access lobby check email 	heat wave windows open fan provided management fine 	stay anytime,5
153,great little place fantastic staff makes place excellent exceptional staff 	bob ed 	love 	moore hotel situated stewart virginia 2nd ave. just block pike place 	major attractions easy reach foot free downtown metro bus 	n't pre-arranged transport bus 194 airport westlake center 2 blocks moore hotel 	30 minute ride 1.25 	hotel currently renovation open fix rooms time 	lucky newer ensuite rooms 5th floor 2 separate occasions 520 500. renovated rooms look kind eclectic clean spacious 	rooms no air make quite warm summer borrow small fan desk 	parking hotel 10 overnight gated night did not car overheard lady desk 	parking hotel 3rd ave price 	n't know way just ask desk tell tonnes suggestions places 	no room service restaurants hotel no lack restaurants surrounding hotel 	note restaurants/shops 1st ave/pike place close 6 pm weekdays not sure weekends 	shops/restaurants westlake center close later 8.30 pm.i definately recommend hotel looking clean friendly place stay high downtown prices,5
154,miss 	stayed hotel friend weekend 19th-21st september 	stayed recommended friend book basis stay reasonable 	definitely not case time 	disappointing things weekend executuve hotel pacific placed room directly opposite elevators 5th floor 	noise elevators guests returning home early hours morning loud usually heavy sleeper hear clearly night 	cleaning staff racket morning difficult sleep past 7am.2.we specific online request small fridge room medications 	obviously ignored online pleas checked 	previously similar hotels offered small portable fridge/cooler exact purpose.3 	air conditioning did work turn produced worrying burning smell turned not used weeks 	tried open window stuck open cm try let cool fresh air stuffy room.4 	bathroom small size n't main issue 	shower head virtually no pressure toilet noisy time flushed hear toilets adjacent rooms quite clearly 	old poor plumbing.5 	suggested desk staff reasons said fully booked night change rooms second night 	agreed 	presented desk new room day new staff member stated nothing documented book room change booked not help 	fact freely admitted just used room guest checked minutes overbooked rooms 4 guests check-in 	not imagine reputable hotel does admits guests 	glad check-out not returning hotel 	time gladly pay extra dollars decent hotel room service,1
155,middle road not sure recommend hotel great old feel comfy beds not recommend terrible service desk staff dirty appearance bathroom 	husband stayed weekend location hotel wonderful not perfect 	condition hotel far perfect 	headboards tears bathroom sanitary feeling room small paint coming baseboards places 	feel like cosmetic changes make room appealing spending lot money hotel 	nonetheless beds great tv nice conveniently placed feel nothing hisotric seattle 	expecting breathtaking n't recommend hotel 	simly need stay- suit fine,3
156,not recommend staying 	staff routinely indifferent point rude 	parking arrangement public garage hill corner remarkably inconvenient 	mobility issues parking hotel challenging maneuver 	rooms adequate not maintained cleaned particularly 	hotel not bad easily better seattle 	definitely,2
157,stay away dirty rooms stayed far better places seattle 	room size prison cell window facing outside wall 	quiet showered flushed toilet 	plus seattle best coffee lobby right downtown 	hotel limo expect pay 30 yellow cab 	hotel staff helpful friendly,1
158,just right love old buildings old hotels 	room corner floor 	directly fabulous seattle public library 	room perfectly small bathroom great 	love old deep porcelain bathtub endless hot water 	makes love room 	one-piece modern sink stunning know 	walked ferry thanksgiving 	fyi known choose straight hill fourth avenue walk downtown hotel way 	young daughter ended walking gauntlet single homeless illegal men sitting pier near marketplace 	uncomfortable especially pulling luggage 	n't highest vibration sure 	addition ate great thanksgiving buffet dinner street sazerac restaurant located hotel monaco 	delicious 	lovely way spend holiday certain 	like energy ambience old hotels adore hot baths excellent customer service stay executive hotel pacific downtown seattle 	free wireless internet awesome,5
159,good location hotel located 	rooms quite cozy comfy bed 	bathroom fine said toilet flush really noisy likely wake half middle night.we did door adjcent room really gotdisturbed night door antics quick phone reception 3am soon sorted 	real grip attitude reception desk manager forget charm brick 	welcoming terribly polite having just arrived seattle vancouver shocked disappointed welcometo city 	tip hotel management send guyon charm course maybe just somebody 	ok hotel convenient town.cheers,2
160,enjoyed executive hotel pacific stayed hotel 2 nights 	room clean small comfortable worked staff pleasant 	cardio room eliptical bike treadmill think new 	used small worked needs 	looked new seattle library fantastic 	walked remember downtown area free zone metro hop bus free zone 	2 beautifully sunny days seattle 	fantastic place,4
161,cramped noisy overrated husband just stayed hotel mid-july horrible experience 	not superior queen room incredibly cramped noises elevator guests rooms nearly impossible sleep night 	hotel promises amenities wireless internet access rooms n't working 	felt like paid place set sour tone beginning vacation 	nights cancelled rest stay booked new hotel,1
162,comfy super location 	place fabulous 	room little small coming nyc no biggie no pun intended 	bed linens really nice duvet cover king size pillows 	shower fantastic provided bathrobe 	think best ammenities congierge 	provided colorful map city gave really good tips based interests 	told efficient route wanted 	thing n't crazy parking garage 	little bit maze 	did n't pay not sure fluke hotel validates parking 	safe right door,5
163,nice small bathroom stayed hotel nights returned night leaving seattle 	king size room actually large room bathrooms small times 	sink tiny second time no room toiletries 	overall room clean nice bed flat-screen tv 	road noise street 	parking 19 night privileges 	good location,3
164,not designed business stayed 2 nights executive seattle business 	rooms small expected boutique hotel 	not prepared size bathroom 	literally step stall shower close door 	room obviously suite time door adjoining room blocked large tv hear word conversations neighbors having 	hotel offers free wireless nice no desk work 	bed amazing 	comfortable 	nice pillows 	great comforter 	air conditioning worked quite 	seattle best coffee house lobby great bonus 	plus ca n't beat location price.if complaints stay 	sacrifice amenities price charm 	minor compared quality service received hotel 	prepared poor service called confirm late arrival answered phone plain hello instead announcing hotel 	arrived 11:00 pm 2 young men counter moved hold door help bags 	lobby steps elevator checking moved help bags stairs 	literally stood desk watched struggle 	housekeeping staff not better 	room looked like just neatened not cleaned 	room coffee pot not washed 	carpet not vacuumed 	hopefully owner hotel read review shape staff,2
165,great older hotel downtown location great especially qwest field seahawks game 	staff friendly helpful 	room small clean appointed 	recommend quick overnights,4
166,small fine really really really small room old buildings like small 	computers guest use wi-fi nice sitting room/business area 	parking costs 8 day covered garage door 	good location shopping waterfront 	loved elliotts waterfront restaurant brooklyn restaurant 	loved nordstroms 	great time seattle,3
167,disappointing 	approximately weeks ago husband dog repeat guests executive pacific plaza hotel quick business trip 	just month prior stayed 5-days father son graduation great time 	majority staff quite friendly inviting 	price affordable rooms nice location amazing needs 	challenge encountered reserved room asked nice reservationists confirmation directed e-mail forward fathers itinerary traveling california 	assured occur did not 	experience great talking property affordability location 	needed return business selected property positive experience weeks prior 	time booked reservation on-line party immediately receive confirmation itinerary travels exactly occurred 	called property advance confirm arrangements informed bringing dog 	confirm acknowledgement 	arriving property mentioned returning just weeks previous visit acknowledged 	assigned room entered not quite impressed 	room located wing hotel end hallway rooms clustered hand written signs room doors stating painting 	located floor previous room king bed queen 	room small cramped view house workings systems not staying long not big issue 	time checked needed leave event 5:00pm sound possibly paint sprayer did not cause discomfort 	returned hotel approximately 11:30pm tired total 4-days travel early late events 	slept just fine promptly 7:47am awaken sounds staff yelling forth 	stopped 50 minutes began 	decided time pack leave no big deal guess 	husband took dog walk car continued prepare departure 	came tell went car broken 	contacted garage attendant told 17 level garage happens time 	offered parking hotel 	point weighing entire experience limited stay feeling quite disappointed decided share experience management 	check asked nice desk attendant speak manager regards experience stated desk supervisor did wish speak general manager 	told comfortable speaking comfortable share gm 	said yes 	went explain entire experience empathized added appeared apparent penalized booking party room assignment opportunity raised upgrade no chose quite confident hotel not 100 occupancy 	stated new construction noise given option not bothered advance 	did not argue facts 	offered credit parking charge said credited room night charge paid 	just insult injury point 	say said treated better parking garage management graciously offered vacuum glass car window thief broke no charge let dog ini hotel management business past 10-years believe understanding point view patronage unappreciated.the hotel potential understand just recently changed ownership/management july 	need remember just need make people feel special goes long way guest experience regardless things direct control.it weeks not follow-up hotel 	experience disappointing,2
168,best location nice clean hotel low price 	traveling budget want best location nicest room possible 100 place 	older maintained hotel walking distance pike place market 1/2 mile way 	located street new seattle central library 	park car not use ready check 	advantage city traffic parking problems.the competition price range cheap hotel chains comfort inn located freeway onramps need drive everything.note pacific plaza hotel does not parking lot does agreement attached parking garage discount price customers 18 day 10/05,4
169,good news/ bad news seattle just night opted location price lack air conditioning room quite uncomfortably warm large screened window ceiling bureau fan going speed 	location prime walked right street wonderful tour seattle library walked street pike market street frye museum 	staff pleasant 	room pretty small adult couple teenage daughter 	coffee shop lobby good quick continental breakfast,3
170,small good value spent nights pacific plaza not overly impressed hotel room perfectly adequate needed 	bed quite comfortable pillows small bit squished 	room contained queen-sized bed large upholstered chair medium dresser large television set 	bathroom small clean fresh towels soap provided day 	happy hotel price paid 	enjoyed coffee shop main level visitor lobby complete free internet acessible computers wonderful 	staff friendly majority guests 	definitely stay,4
171,great deal great location 	traveling stayed perfect 	yes small like european hotels sleeping cares 	charming unique 	best clean 	walking distance staff super helpful 	n't someplace want cram family definite good deal travelers,4
172,better just got week seattle loved minute 	pacific plaza good buy use improvement 	8th floor heat builidng rise room 	room non-smoking internal ventilation draw smoke rooms 	staff courteous helpful location good,3
173,happy hotel family husband toddler stayed week house hunting seattle 	room located 23rd floor view space needle not facing i-5 water 	felt lucky renovated room 	sister family spent night 18th floor half-way renovated room 	bathroom needed updating old 	make sure ask renovated room 	i-5 little noisy sleep 	heating/cooling loud kept night.hotel staff helpful pleasant no matter hour 	hotel food good.the hotel located bit away westlake pike place waterfront 	got use walking hills n't bad 	yes starbucks corner 	nice local market located steet blocks quick walk 	bank america atm inside.overall pretty happy hotel,4
174,good place stay stayed nights end august 2008. impressions n't great building looks little long tooth main highway lobby dated room large clean bathroom 	hotel location n't bad easy walking distance downtown attractions steep hill doorstep tough negotiate evening meal 	speaking food breakfast especially pancakes good 	staff friendly helpful offered store bag weeks alaska,4
175,upgrade outdated arrived given junior suite marriott silver status 	upgraded room joke 	switches broken linens old bed sagged lcd tv sitting radiator not bed 	addition nearly impossible king size bed no walking room 	room away highway road noise bad 	wife didnot sleep wink night 	morning canceled 2 days reservation moved towneplace suites near airport 	half price better renaissance 	worst marriott stayed 	stay away,1
176,alright check great let check early 	requested got mini refrigerator 	quite walking distance pike place 	nice supermarket block away 	room ok,4
177,dirty place 	watch 	limited english used 	reading reviews sounds like complete different hotel stayed 	stayed 9/12-9/15 room club level floor 26. say rooms needed updating understatement 	not usually care decade style problem decades dirt cause room itch produce rash 	case 	everytime left room breath did not itch 	return room began 	carpet multi dark color did lot hide years goodness knows 	did not dare walk barefoot 	carpet tore doorway tiles loose bathroom 	usually hotel remodels starts expensive room remodels long way off.beds beds nothing special 	bathroom size closet forget closing door not possible.for need know friends requested handicap room wheelchair 	no handicap room 	regular room couple shower bars minumum legal requirement 	not service personal check bar course spoke complete coherent english 	need know want communicate housekeeping staff gift store 	incredibly frustrating tell housekeeping leave extra towels draw pictures.the called parking garage unmanned entry completely unsafe 	need know 	dark shadowed underground exceptionally tight spaces 	elevators not clear 	actually enter doorways stairs flight reach elevator places 	stairways believe town 	careful check breeze check 	english speaking folks hidden 	bar course want money aggrevating you.however note credit card charged twice entire stay having worst time resolving issue 	reason feel compelled connecting desk hotel 	folks not billing 	trying 2 days,1
178,great deal priceline bid win 	live vancouver bc spend weekends seattle 	having used priceline price function times happy renaissance 	nicer crowne plaza red lion waaaay better sketchy holiday inn express stuck priceline.the renaissance lobby lovely staff friendly rooms large clean comfortable pool gym nice location convenient 	stay walk pike place crocodile space needle times stay 	people n't like walk bit far space needle area stop nitelite halfway drink hotel parking atrocious use going bumbershoot n't want waste time coming car 	normally use street parking-it plentiful close hotel free evenings/sundays/holidays.i pay 260 dollars night place nights booked coming weekend payed 258 dollars instead 700+ website 	labor day/bumbershoot weekend hotels scarce 	seattle expensive hotel town 	moore costs pay renaissance budget boutique hotel.it good deal,4
179,great location friendly staff comfortable beds got great deal priceline 100/night treated paid price 	room nice comfortable beds complimentary coffee cocoa nice start day 	location makes easy sites hills make walk little bit exercise 	grayline shuttle sea tac drops hotel inexpensive 	ate bar night good food reasonably priced ate restaurants water 	victoria clipper 2 10 tip 	definitely stay,4
180,yuck 	stayed hotel nights earlier month 	stayed number renaissance hotels states europe happy 	read reviews surprised mixed report felt worth risk trying use remaining marriott points free stay category 5 hotel bad 	shocked 	room straight 70s earlier 	worn carpet worn furniture ancient bathroom 	satisfactory no mood different hotel thought 	tried use internet 	sorry just sucks hotel 	hours work online transfer files 	slower old fashioned modem remember 	spent hour phone internet dept kept claiming people hotel sharing files overloading network did make slightly better 	took night files transfer hotel 	comparison work days earlier westin canada hour 	totally unacceptable 	tried luck wireless neighboring hotel instead absolutely no way convinced return hotel,2
181,nice hotel 	good check fast staff friendly 	breakfast cafe good expensive.the rooms clean beds comfortable 	hotel centrally located walking distance quite attractions 	12 year old son loved indoor pool 	floor great views 	hung night.the bad 	traffic east freeway terrible 	23rd floor hear night 	n't request room change light sleeper bother you. 23.00 night parking ridiculous 	stay got good deal,4
182,worst hotel experience thinking booking room hotel just n't 	traveled seattle 3 work colleagues seminar 	booked room priceline asking 3-star hotel downtown seattle got reservations renaissance supposedly 4-star hotel 	disaster half got rooms i-5 freeway building 	noise bad large container trucks rumbling night switch rooms 	earplugs did n't help block noise 	rooms pretty shabby scratched damaged furniture 	complained management asked switch rooms told priceline rooms discounted rooms n't expect quality paying guests 	ended having pay extra 25 night just adequate rooms.the half group got rooms hotel 	construction going early morning quite late night 	rooms terribly noisy earplugs cut noise.the staff acted like complaints guests not able sleep noise old news did n't want hear 	acted indignant dare complain extremely rude dismissive.also ice machines broken floors search 3 floors working no attempt fix 	no minibar mini refrigerator rooms 	spot refigerator used removed all.the renaissance bills 4-star hotel 	rating based solely hotel lobby 3 stars 	based shabby rooms noise lack service rude staff stretched 1 star stay renaissance hotel,1
183,enjoyed stay stayed hotel nights 	water temperature shower barely luke warm calls desk problem fixed 	staff friendly restaurant breakfast buffet nice 	huge storm hardly noticable tv reception n't big problem 	overall happy accomodations stay,2
184,nice hotel friendly staff no problem checking parking reviews suggested 	hotels seattle charge parking went expecting 	parking garage clean lit equipped elevator lobby hotel.the staff friendly met request smile 	morning beverage option nice touch kids enjoyed 	rooms clean maintained 	wish pool larger tended kept comfortable temp 	location convenient long n't walking 	surely stay,4
185,stay tonight 	slept wonderful 	love comforters double sheets 	kids loved indoor pool morning hot chocolate 	left upscale shower samples not typical brands 	got room service dinner nights n't terribly expensive actually tasted good 	parking does cost 21 bucks parking just expensive seattle 	got great deal room did n't feel bad extras 	paid extra internet room bucks day internet long distance phone calls 	definitely stay,5
186,great business hotel stayed hotel times year business really good experience overall 	staff members encountered friendly desk staff staff members encountered elevators 	rooms immaculate hotel well-maintained 	room service quick complimentary beverage service morning great 	location walking distance tons restaurants shopping 	thing so-so thing restaurant food service italian restaurant inside hotel 	prices average service slow recommend checking restaurants area eating 	n't restaurant particularly bad just lot better restaurants close walking distance.all great place stay business use marriott points long weekend,5
187,great service probably half star star hotel 	guest services outstanding employees ask needed help walking getting hotel desk 	ate hotel cafe 2nd floor quick bite checking steak sandwich tender tasted 	hot water bathroom instant towels nice 	paid 100 night priceline think parking hotel 21 dollars night.feel free ask questions,4
188,stayed saturday night stop flying home day 	floor overlooking expressway 	hear noise 	restaurants walked square 4 blocks hotel nothing open 2000 saturday hotel restaurants decided not good choice 	bed comfortable 	today checking bank statements unexplained 104 charge credit card 	real test phone calls correct mistake really just hotel 	nothing special bit isolated close expressway,3
189,expect saw rate online sites werent planning stay got group rate 129 room worthwhile certainly wouldnt pay seen rate 199.the room clean spacious comfortable 	really great view city.the service friendly 	desk pretty slow hotel fully booked busy.the pool pleasant restaurant expect renaissance.the hotel hill fairly steep climb cheap taxi ride didnt feel like walking,3
190,happier reservation hotels minute taxes paid 200 room 	free coffee hot chocolate request wake-up 	stayed similar boutique-style hotels cities in-room coffee fan bathroom non-chipping tiles bathroom 	personally not recommend hotel desk personnel helpful reasonably friendly 	bell personnel left waiting 90+ weather half hour said right car,2
191,bad vibrations short version air conditioning hotel builds harmonic modulating vibration ducts coming basement 	room air returns coming 2 minute buildup release noise drove nuts 	figured nicely moved room realize problem probably hear rooms loud did not drive nuts low level 	liked open windows hotel right i-5 continuously traveled types vehicles quite loud windows open not.the normal level great marriott service pleasant not stay facility changes air,2
192,checked early wo n't stay room dirty checked food substances carpet 	late night let 	got evening no maid service n't provide maid service stay week 	furnishings cheap room small simply not worth price 	motel 6 masquerading pricier simply not worth,2
193,parking fee stinks 	husband booked room year half ago wonderful view city lights 	unfortunately gotten 11 p.m. did n't chance 	wanted thrilled got great deal priceline days ago looked forward nice time weekend.at check-in parking car lot informed park hotel pay 19 night car 	told expensive places park area total lie way day walking area 	probably checked ahead time honestly ca n't remember time hotel renting room does n't free parking greatly reduced stay 	bad customer service.the woman checked not friendly barely polite maybe did n't pay 160 night like offer website 11th floor freeway view 	quite noisy not pretty 	disappointing 	requests ahead time king bed non-smoking room taken care double check check-in.one good thing offered complimentary hot chocolate wakeup tasty 	stay closer home affordable hotel does n't stiff parking time,2
194,fine hotel stayed august 2004 hotel better expected 	hotel internet no experience seattle environs 	renaissance sits atop hill suppose nearly mile seattle straight walk seafront 	walking different matter n't stay not walk hills b n't want pay taxi fare hotel cost 5 7 usually 	hotel extremely comfortable small pool 28th floor gym staff extremely friendly 	nicer hotels stayed,4
195,overpriced got friends family discount room way overpriced 	location great walking various places city room tiny 	no idea hilton insists making people pay internet access especially room expensive 	not particularly impressive,3
196,better previous reviews suggest stayed downtown hilton recently nights conference 	apprehensive stay given negative reviews travellers 	positive experience stay did not use exercise facility business features 	suggestion requested upper floor room view puget sound 	quite pleasant 	room clean quiet little small 	bathroom amenities quite nice 	ordered room service stay food excellent arrived ordered 	additonally lobby bar pleasant understated 	not sure hotel good value rate discounted conference served quite nicely,4
197,horrible customer service worst hilton possibly worst hotel 	trying review guidelines feel important people know kinds business practices ran into.we stayed hilton nights second night having wedding reception hilton.all booking went smoothly room decent exectutive sweet not overpriced got discount having reception there.the problems arrived later reception short summary things happened.-elevators having issues night.-myself reception stuck lobby n't reception elevators not working key card given not working up-the dj closing party early party no staff locking room not allowing entrance gather belongs use reception room additional hour half booked contract-a hilton staff member challenging fist fight telling hit got aggravated insisted let up.-having head security apologize actions said staff member.-finally getting executive suite stay rest night.-having police wife assaulted hilton staff member tried fight putting hand getting security apologized us.-after police left hearing story hour later long elevators broken night manager security officer showed kick mentioned assault glad arrest n't made.-after threatening lawyers involved breach contract told stay.-getting 15 minutes later night manager apologize told work sort discount trouble.-waking morning finding double charged room parking vehicles not ours.-dealing people nice saying work getting charges reversed right back.-finding hilton additional charges not outlined contract consent-being told willing reverse small portion charges staff says story false.so end breached contract refused credit 	not sure action burned abuse received,1
198,agree worst hilton 	absolute worst hilton stayed 	gold hh members travel lot absolute worst hilton world 	leg week vacation 10 year old daughter took hilton properties south lake tahoe ca way whistler bc 	rate hiltons excellentfirst charge 9.95 night use internet room 	free wireless internet available executive lounge small converted guest room lobby 	went executive lounge comical 	business people packed elbow elbow laptops using free internet eating drinking free food 	sight 	sure de-congest executive lounge did n't charge internet stayed hilton honors floor noticed dirty dishes newspapers hall n't picked days there.the excercise room size walk closet treadmills stepper jammed there.the people provided sort customer service bellmen 	desk personnel management delt no customer service skills.my car parked hilton garage window smashed car ransacked 	hilton security simply left business card smashed window took time sweep glass ground 	discovered hilton security knew car broken let sit smashed window days 	did notify 	no 	series failures hilton staff touch seattle hilton director security 	asked n't notified car broken 	response not policy not parking manual 	hilton honors stated gm contact monday 	wednesday no response 	finally drafted lenghty letter hilton corporate hq regarding seattle hilton,1
199,perfect convention property stayed april 7 11. attended conference held hotel.this property great location downtown seattle easy walking distance pike place market pacific place shopping convention center monorail space needle 	older property way guess slightly smaller bedroom bathroom sizes narrow corridors floor levels small number rooms floor 	walls tiles linens furnishings clean modern presenting nice decor 	bathrooms equipped crabtree evelyn le source toiletries favorite 	start floor 14 run floor 28 restaurant 29th floor 	elevators provided smooth speedy service 	plus access guest floor room key required helping make single traveler feel safe.the meeting rooms spacious hotel staff kept refreshments aplenty.breakfast lunch day restaurant unexpected gourmet treat elegant normally required informal meals 	restaurant spectacular view puget sound sky clear olympic mountains 	view easily seen seating area.the bar area menu did n't eat bar large cozy decor.the concierge friendly helpful 	night reservation cutter restaurant making sure restaurant provide complimentary transportation return hotel 	restaurant given appetizer courtesy concierge 	needed 4:15am town car pick airport day concierge booked company saving 15 affordable transportation internet.my disappointment business center small 6 fee use 	hotels offer complimentary service 	maybe seattle hilton change soon 	thanks great nights slept,5
200,good location average rooms great exec lounge stayed daughters downtown hilton property night holiday weekend 	nice view bay buildings got way 	desk staff polite helpful did treat older guests little disrespect 	parking joke 26.00 nite 	positive executive lounge little cramped offered free drinks appetizers everynight 5 9pm exec concierge helpful 	dinner salty included complimentary limo ride hilton big win kids 	stay points business money look booking,3
